{
  "Baseline (Disc+Mul+Hard+1.5x)": {
    "duration_sec": 299.99,
    "total_arrivals": 3581,
    "total_completed": 2597,
    "total_ooms": 222,
    "throughput_per_sec": 8.656955231841062,
    "oom_rate": 0.08548324990373508,
    "avg_utilization": 0.7253492685822419,
    "avg_n_batch": 26.342219260246583,
    "avg_latency_ms": 2149.225522610083,
    "p50_latency_ms": 1500.9497867657444,
    "p95_latency_ms": 6586.086860454739,
    "p99_latency_ms": 9997.487201989708,
    "beta_stability": 0.0047402550028105336,
    "merged_stability": 0.09828285153303043
  },
  "Sigmoid Only": {
    "duration_sec": 299.99,
    "total_arrivals": 3581,
    "total_completed": 2266,
    "total_ooms": 91,
    "throughput_per_sec": 7.553585119503984,
    "oom_rate": 0.040158870255957636,
    "avg_utilization": 0.6602788420135856,
    "avg_n_batch": 32.44285238253915,
    "avg_latency_ms": 1619.0204873019932,
    "p50_latency_ms": 985.0190474396677,
    "p95_latency_ms": 4913.590646809368,
    "p99_latency_ms": 6342.211894679321,
    "beta_stability": 0.0030572104188997602,
    "merged_stability": 0.0906764059926672
  },
  "MinBottleneck": {
    "duration_sec": 299.99,
    "total_arrivals": 3581,
    "total_completed": 2204,
    "total_ooms": 103,
    "throughput_per_sec": 7.34691156371879,
    "oom_rate": 0.04673321234119782,
    "avg_utilization": 0.9708577909927459,
    "avg_n_batch": 26.127957347550815,
    "avg_latency_ms": 9863.547621664684,
    "p50_latency_ms": 9707.920141308477,
    "p95_latency_ms": 14554.829167900833,
    "p99_latency_ms": 16153.650363054965,
    "beta_stability": 0.08283377567434597,
    "merged_stability": 0.03423348302451645
  },
  "AIMD+Hysteresis": {
    "duration_sec": 299.99,
    "total_arrivals": 3581,
    "total_completed": 2253,
    "total_ooms": 80,
    "throughput_per_sec": 7.510250341678056,
    "oom_rate": 0.03550821127385708,
    "avg_utilization": 0.6132451039957451,
    "avg_n_batch": 34.5404865044985,
    "avg_latency_ms": 1587.6725825282101,
    "p50_latency_ms": 740.6363855106406,
    "p95_latency_ms": 4889.96812667454,
    "p99_latency_ms": 6808.452315585927,
    "beta_stability": 0.00273770022078557,
    "merged_stability": 0.09198938907987347
  },
  "Sig+AimdH": {
    "duration_sec": 299.99,
    "total_arrivals": 3581,
    "total_completed": 2269,
    "total_ooms": 77,
    "throughput_per_sec": 7.563585452848428,
    "oom_rate": 0.03393565447333627,
    "avg_utilization": 0.6506261938496156,
    "avg_n_batch": 32.440186604465175,
    "avg_latency_ms": 1630.551819674491,
    "p50_latency_ms": 1060.811129871496,
    "p95_latency_ms": 4957.093492666385,
    "p99_latency_ms": 6569.702862144756,
    "beta_stability": 0.002951646778119666,
    "merged_stability": 0.09081011538918297
  },
  "Lin+WGM+AimdH": {
    "duration_sec": 299.99,
    "total_arrivals": 3581,
    "total_completed": 2274,
    "total_ooms": 28,
    "throughput_per_sec": 7.580252675089169,
    "oom_rate": 0.012313104661389622,
    "avg_utilization": 0.6843909173132765,
    "avg_n_batch": 42.03498833722092,
    "avg_latency_ms": 1423.160262734354,
    "p50_latency_ms": 587.8267639449035,
    "p95_latency_ms": 4745.846232733951,
    "p99_latency_ms": 5940.227292615616,
    "beta_stability": 0.006867698839176525,
    "merged_stability": 0.018438204385672865
  },
  "FullOpt": {
    "duration_sec": 299.99,
    "total_arrivals": 3581,
    "total_completed": 2274,
    "total_ooms": 37,
    "throughput_per_sec": 7.580252675089169,
    "oom_rate": 0.016270888302550572,
    "avg_utilization": 0.7040043387402491,
    "avg_n_batch": 43.13462179273576,
    "avg_latency_ms": 1776.628853893292,
    "p50_latency_ms": 1018.7701064406767,
    "p95_latency_ms": 5498.9561124055335,
    "p99_latency_ms": 7428.012997304277,
    "beta_stability": 0.008376971701119932,
    "merged_stability": 0.021357307517194293
  },
  "FullAdaptive": {
    "duration_sec": 299.99,
    "total_arrivals": 3581,
    "total_completed": 2278,
    "total_ooms": 0,
    "throughput_per_sec": 7.5935864528817625,
    "oom_rate": 0.0,
    "avg_utilization": 0.7838474597646738,
    "avg_n_batch": 43.087304231922694,
    "avg_latency_ms": 2106.850584721982,
    "p50_latency_ms": 1559.7658890562088,
    "p95_latency_ms": 6024.310748236362,
    "p99_latency_ms": 8583.909020269843,
    "beta_stability": 0.0054776708609002595,
    "merged_stability": 0.02244013351138373
  }
}