{
  "Baseline (Disc+Mul+Hard+1.5x)": {
    "duration_sec": 179.98,
    "total_arrivals": 865,
    "total_completed": 693,
    "total_ooms": 0,
    "throughput_per_sec": 3.850427825313924,
    "oom_rate": 0.0,
    "avg_utilization": 0.1460321910793609,
    "avg_n_batch": 6.6437291897891235,
    "avg_latency_ms": 4746.135068384568,
    "p50_latency_ms": 811.4602807734173,
    "p95_latency_ms": 39263.09391037022,
    "p99_latency_ms": 58885.0430321476,
    "beta_stability": 0.14054689947371346,
    "merged_stability": 0.04049019773941873,
    "load_balance_metric": 1.0,
    "avg_prefetch_hit_rate": 0.0,
    "regression_r2": 0.9225058277451296,
    "cold_start_phase": "stable",
    "defrag_merges_total": 0
  },
  "Sigmoid Only": {
    "duration_sec": 179.98,
    "total_arrivals": 865,
    "total_completed": 694,
    "total_ooms": 0,
    "throughput_per_sec": 3.8559839982220248,
    "oom_rate": 0.0,
    "avg_utilization": 0.12770740635613,
    "avg_n_batch": 6.637069922308546,
    "avg_latency_ms": 4717.879099541,
    "p50_latency_ms": 792.4046947863985,
    "p95_latency_ms": 38474.64744349907,
    "p99_latency_ms": 59768.80105594398,
    "beta_stability": 0.13296769779136014,
    "merged_stability": 0.05119376499507992,
    "load_balance_metric": 1.0,
    "avg_prefetch_hit_rate": 0.0,
    "regression_r2": 0.9230189997402866,
    "cold_start_phase": "stable",
    "defrag_merges_total": 0
  },
  "MinBottleneck": {
    "duration_sec": 179.98,
    "total_arrivals": 865,
    "total_completed": 693,
    "total_ooms": 0,
    "throughput_per_sec": 3.850427825313924,
    "oom_rate": 0.0,
    "avg_utilization": 0.1460321910793609,
    "avg_n_batch": 6.6437291897891235,
    "avg_latency_ms": 4746.135068384568,
    "p50_latency_ms": 811.4602807734173,
    "p95_latency_ms": 39263.09391037022,
    "p99_latency_ms": 58885.0430321476,
    "beta_stability": 0.14054689947371346,
    "merged_stability": 0.04049019773941873,
    "load_balance_metric": 1.0,
    "avg_prefetch_hit_rate": 0.0,
    "regression_r2": 0.9225058277451296,
    "cold_start_phase": "stable",
    "defrag_merges_total": 0
  },
  "AIMD+Hysteresis": {
    "duration_sec": 179.98,
    "total_arrivals": 865,
    "total_completed": 693,
    "total_ooms": 0,
    "throughput_per_sec": 3.850427825313924,
    "oom_rate": 0.0,
    "avg_utilization": 0.1460321910793609,
    "avg_n_batch": 6.6437291897891235,
    "avg_latency_ms": 4746.135068384568,
    "p50_latency_ms": 811.4602807734173,
    "p95_latency_ms": 39263.09391037022,
    "p99_latency_ms": 58885.0430321476,
    "beta_stability": 0.14054689947371346,
    "merged_stability": 0.04049019773941873,
    "load_balance_metric": 1.0,
    "avg_prefetch_hit_rate": 0.0,
    "regression_r2": 0.9225058277451296,
    "cold_start_phase": "stable",
    "defrag_merges_total": 0
  },
  "Sig+AimdH": {
    "duration_sec": 179.98,
    "total_arrivals": 865,
    "total_completed": 694,
    "total_ooms": 0,
    "throughput_per_sec": 3.8559839982220248,
    "oom_rate": 0.0,
    "avg_utilization": 0.12770740635613,
    "avg_n_batch": 6.637069922308546,
    "avg_latency_ms": 4717.879099541,
    "p50_latency_ms": 792.4046947863985,
    "p95_latency_ms": 38474.64744349907,
    "p99_latency_ms": 59768.80105594398,
    "beta_stability": 0.13296769779136014,
    "merged_stability": 0.05119376499507992,
    "load_balance_metric": 1.0,
    "avg_prefetch_hit_rate": 0.0,
    "regression_r2": 0.9230189997402866,
    "cold_start_phase": "stable",
    "defrag_merges_total": 0
  },
  "Lin+WGM+AimdH": {
    "duration_sec": 179.98,
    "total_arrivals": 865,
    "total_completed": 772,
    "total_ooms": 0,
    "throughput_per_sec": 4.289365485053895,
    "oom_rate": 0.0,
    "avg_utilization": 0.4631390969805803,
    "avg_n_batch": 5.1642619311875695,
    "avg_latency_ms": 5911.2441944507,
    "p50_latency_ms": 2009.4304513709671,
    "p95_latency_ms": 36241.77612273704,
    "p99_latency_ms": 59810.710637374104,
    "beta_stability": 0.1813260375030918,
    "merged_stability": 0.047753855309176925,
    "load_balance_metric": 1.0,
    "avg_prefetch_hit_rate": 0.0,
    "regression_r2": 0.9319441385309666,
    "cold_start_phase": "stable",
    "defrag_merges_total": 0
  },
  "FullOpt": {
    "duration_sec": 179.98,
    "total_arrivals": 865,
    "total_completed": 700,
    "total_ooms": 0,
    "throughput_per_sec": 3.8893210356706303,
    "oom_rate": 0.0,
    "avg_utilization": 0.13807903928603152,
    "avg_n_batch": 6.645948945615983,
    "avg_latency_ms": 4786.050975332138,
    "p50_latency_ms": 766.716486899881,
    "p95_latency_ms": 38898.16192458398,
    "p99_latency_ms": 61952.34903137174,
    "beta_stability": 0.1329676977913465,
    "merged_stability": 0.050912005259743535,
    "load_balance_metric": 1.0,
    "avg_prefetch_hit_rate": 0.0,
    "regression_r2": 0.9228024739631078,
    "cold_start_phase": "stable",
    "defrag_merges_total": 0
  },
  "FullAdaptive": {
    "duration_sec": 179.98,
    "total_arrivals": 865,
    "total_completed": 738,
    "total_ooms": 0,
    "throughput_per_sec": 4.100455606178465,
    "oom_rate": 0.0,
    "avg_utilization": 0.2278008047569646,
    "avg_n_batch": 6.09322974472808,
    "avg_latency_ms": 4665.8996392700965,
    "p50_latency_ms": 930.3171283305005,
    "p95_latency_ms": 36764.71720452926,
    "p99_latency_ms": 59349.680128736465,
    "beta_stability": 0.1386296859909396,
    "merged_stability": 0.05104776445095857,
    "load_balance_metric": 1.0,
    "avg_prefetch_hit_rate": 0.0,
    "regression_r2": 0.9309932025833098,
    "cold_start_phase": "stable",
    "defrag_merges_total": 0
  },
  "FullOpt_v0.3": {
    "duration_sec": 179.98,
    "total_arrivals": 865,
    "total_completed": 700,
    "total_ooms": 0,
    "throughput_per_sec": 3.8893210356706303,
    "oom_rate": 0.0,
    "avg_utilization": 0.13807903928603152,
    "avg_n_batch": 6.645948945615983,
    "avg_latency_ms": 4786.050975332138,
    "p50_latency_ms": 766.716486899881,
    "p95_latency_ms": 38898.16192458398,
    "p99_latency_ms": 61952.34903137174,
    "beta_stability": 0.1329676977913465,
    "merged_stability": 0.050912005259743535,
    "load_balance_metric": 1.0,
    "avg_prefetch_hit_rate": 0.0,
    "regression_r2": 0.9228024739631078,
    "cold_start_phase": "stable",
    "defrag_merges_total": 0
  }
}