{
  "Baseline (Disc+Mul+Hard+1.5x)": {
    "duration_sec": 119.98,
    "total_arrivals": 1850,
    "total_completed": 1486,
    "total_ooms": 0,
    "throughput_per_sec": 12.385397566261043,
    "oom_rate": 0.0,
    "avg_utilization": 0.4340872262955192,
    "avg_n_batch": 10.630615640599002,
    "avg_latency_ms": 2970.728729673296,
    "p50_latency_ms": 2171.8506619505206,
    "p95_latency_ms": 9187.1408774963,
    "p99_latency_ms": 16532.365671215375,
    "beta_stability": 0.14248020300586636,
    "merged_stability": 0.03128891071010486,
    "load_balance_metric": 1.0,
    "avg_prefetch_hit_rate": 0.0,
    "regression_r2": 0.962699252702331,
    "cold_start_phase": "stable",
    "defrag_merges_total": 0
  },
  "Sigmoid Only": {
    "duration_sec": 119.98,
    "total_arrivals": 1850,
    "total_completed": 1515,
    "total_ooms": 0,
    "throughput_per_sec": 12.62710451741957,
    "oom_rate": 0.0,
    "avg_utilization": 0.14779283698597329,
    "avg_n_batch": 10.707154742096506,
    "avg_latency_ms": 2374.7436789511917,
    "p50_latency_ms": 855.534312229608,
    "p95_latency_ms": 8673.278633935772,
    "p99_latency_ms": 18509.21016689579,
    "beta_stability": 0.13726726461871344,
    "merged_stability": 0.034375921321021276,
    "load_balance_metric": 1.0,
    "avg_prefetch_hit_rate": 0.0,
    "regression_r2": 0.9631267737398893,
    "cold_start_phase": "stable",
    "defrag_merges_total": 0
  },
  "MinBottleneck": {
    "duration_sec": 119.98,
    "total_arrivals": 1850,
    "total_completed": 1486,
    "total_ooms": 0,
    "throughput_per_sec": 12.385397566261043,
    "oom_rate": 0.0,
    "avg_utilization": 0.4340872262955192,
    "avg_n_batch": 10.630615640599002,
    "avg_latency_ms": 2970.728729673296,
    "p50_latency_ms": 2171.8506619505206,
    "p95_latency_ms": 9187.1408774963,
    "p99_latency_ms": 16532.365671215375,
    "beta_stability": 0.14248020300586636,
    "merged_stability": 0.03128891071010486,
    "load_balance_metric": 1.0,
    "avg_prefetch_hit_rate": 0.0,
    "regression_r2": 0.962699252702331,
    "cold_start_phase": "stable",
    "defrag_merges_total": 0
  },
  "AIMD+Hysteresis": {
    "duration_sec": 119.98,
    "total_arrivals": 1850,
    "total_completed": 1486,
    "total_ooms": 0,
    "throughput_per_sec": 12.385397566261043,
    "oom_rate": 0.0,
    "avg_utilization": 0.4340872262955192,
    "avg_n_batch": 10.630615640599002,
    "avg_latency_ms": 2970.728729673296,
    "p50_latency_ms": 2171.8506619505206,
    "p95_latency_ms": 9187.1408774963,
    "p99_latency_ms": 16532.365671215375,
    "beta_stability": 0.14248020300586636,
    "merged_stability": 0.03128891071010486,
    "load_balance_metric": 1.0,
    "avg_prefetch_hit_rate": 0.0,
    "regression_r2": 0.962699252702331,
    "cold_start_phase": "stable",
    "defrag_merges_total": 0
  },
  "Sig+AimdH": {
    "duration_sec": 119.98,
    "total_arrivals": 1850,
    "total_completed": 1515,
    "total_ooms": 0,
    "throughput_per_sec": 12.62710451741957,
    "oom_rate": 0.0,
    "avg_utilization": 0.14779283698597329,
    "avg_n_batch": 10.707154742096506,
    "avg_latency_ms": 2374.7436789511917,
    "p50_latency_ms": 855.534312229608,
    "p95_latency_ms": 8673.278633935772,
    "p99_latency_ms": 18509.21016689579,
    "beta_stability": 0.13726726461871344,
    "merged_stability": 0.034375921321021276,
    "load_balance_metric": 1.0,
    "avg_prefetch_hit_rate": 0.0,
    "regression_r2": 0.9631267737398893,
    "cold_start_phase": "stable",
    "defrag_merges_total": 0
  },
  "Lin+WGM+AimdH": {
    "duration_sec": 119.98,
    "total_arrivals": 1850,
    "total_completed": 1631,
    "total_ooms": 0,
    "throughput_per_sec": 13.593932322053675,
    "oom_rate": 0.0,
    "avg_utilization": 0.3580670755153532,
    "avg_n_batch": 8.923460898502496,
    "avg_latency_ms": 3189.7143477517734,
    "p50_latency_ms": 1183.991068606801,
    "p95_latency_ms": 10147.829941922391,
    "p99_latency_ms": 30040.935711353075,
    "beta_stability": 0.19079827237179578,
    "merged_stability": 0.03836706471600333,
    "load_balance_metric": 1.0,
    "avg_prefetch_hit_rate": 0.0,
    "regression_r2": 0.9569424454456631,
    "cold_start_phase": "stable",
    "defrag_merges_total": 0
  },
  "FullOpt": {
    "duration_sec": 119.98,
    "total_arrivals": 1850,
    "total_completed": 1518,
    "total_ooms": 0,
    "throughput_per_sec": 12.652108684780796,
    "oom_rate": 0.0,
    "avg_utilization": 0.1429563211261629,
    "avg_n_batch": 10.64891846921797,
    "avg_latency_ms": 2390.722307342257,
    "p50_latency_ms": 826.0303263900041,
    "p95_latency_ms": 8757.93370918332,
    "p99_latency_ms": 19468.39310991078,
    "beta_stability": 0.13726726461871344,
    "merged_stability": 0.034376745544333745,
    "load_balance_metric": 1.0,
    "avg_prefetch_hit_rate": 0.0,
    "regression_r2": 0.9621268039771279,
    "cold_start_phase": "stable",
    "defrag_merges_total": 0
  },
  "FullAdaptive": {
    "duration_sec": 119.98,
    "total_arrivals": 1850,
    "total_completed": 1565,
    "total_ooms": 0,
    "throughput_per_sec": 13.043840640106684,
    "oom_rate": 0.0,
    "avg_utilization": 0.1778963892608033,
    "avg_n_batch": 10.477537437603994,
    "avg_latency_ms": 2768.6361983589577,
    "p50_latency_ms": 822.6628970414822,
    "p95_latency_ms": 9467.01126536819,
    "p99_latency_ms": 29209.897138470005,
    "beta_stability": 0.14072134570803763,
    "merged_stability": 0.03456754712038741,
    "load_balance_metric": 1.0,
    "avg_prefetch_hit_rate": 0.0,
    "regression_r2": 0.957990141699785,
    "cold_start_phase": "stable",
    "defrag_merges_total": 0
  },
  "FullOpt_v0.3": {
    "duration_sec": 119.98,
    "total_arrivals": 1850,
    "total_completed": 1518,
    "total_ooms": 0,
    "throughput_per_sec": 12.652108684780796,
    "oom_rate": 0.0,
    "avg_utilization": 0.1429563211261629,
    "avg_n_batch": 10.64891846921797,
    "avg_latency_ms": 2390.722307342257,
    "p50_latency_ms": 826.0303263900041,
    "p95_latency_ms": 8757.93370918332,
    "p99_latency_ms": 19468.39310991078,
    "beta_stability": 0.13726726461871344,
    "merged_stability": 0.034376745544333745,
    "load_balance_metric": 1.0,
    "avg_prefetch_hit_rate": 0.0,
    "regression_r2": 0.9621268039771279,
    "cold_start_phase": "stable",
    "defrag_merges_total": 0
  }
}