{
  "Baseline (Disc+Mul+Hard+1.5x)": {
    "duration_sec": 119.98,
    "total_arrivals": 6135,
    "total_completed": 6135,
    "total_ooms": 0,
    "throughput_per_sec": 51.133522253708946,
    "oom_rate": 0.0,
    "avg_utilization": 0.007651115071718413,
    "avg_n_batch": 47.54242928452579,
    "avg_latency_ms": 36.023461001485465,
    "p50_latency_ms": 32.816744350434135,
    "p95_latency_ms": 67.22823845772325,
    "p99_latency_ms": 77.46566999556677,
    "beta_stability": 0.0,
    "merged_stability": 0.020163898293641264,
    "load_balance_metric": 1.0,
    "avg_prefetch_hit_rate": 0.0,
    "regression_r2": 0.8743158619128575,
    "cold_start_phase": "stable",
    "defrag_merges_total": 0
  },
  "Sigmoid Only": {
    "duration_sec": 119.98,
    "total_arrivals": 6135,
    "total_completed": 6135,
    "total_ooms": 0,
    "throughput_per_sec": 51.133522253708946,
    "oom_rate": 0.0,
    "avg_utilization": 0.00676953112300005,
    "avg_n_batch": 45.643926788685526,
    "avg_latency_ms": 36.023461001485465,
    "p50_latency_ms": 32.816744350434135,
    "p95_latency_ms": 67.22823845772325,
    "p99_latency_ms": 77.46566999556677,
    "beta_stability": 3.301249661144379e-05,
    "merged_stability": 0.0458679619035215,
    "load_balance_metric": 1.0,
    "avg_prefetch_hit_rate": 0.0,
    "regression_r2": 0.8743158619128575,
    "cold_start_phase": "stable",
    "defrag_merges_total": 0
  },
  "MinBottleneck": {
    "duration_sec": 119.98,
    "total_arrivals": 6135,
    "total_completed": 6135,
    "total_ooms": 0,
    "throughput_per_sec": 51.133522253708946,
    "oom_rate": 0.0,
    "avg_utilization": 0.007651115071718413,
    "avg_n_batch": 47.54242928452579,
    "avg_latency_ms": 36.023461001485465,
    "p50_latency_ms": 32.816744350434135,
    "p95_latency_ms": 67.22823845772325,
    "p99_latency_ms": 77.46566999556677,
    "beta_stability": 0.0,
    "merged_stability": 0.020163898293641264,
    "load_balance_metric": 1.0,
    "avg_prefetch_hit_rate": 0.0,
    "regression_r2": 0.8743158619128575,
    "cold_start_phase": "stable",
    "defrag_merges_total": 0
  },
  "AIMD+Hysteresis": {
    "duration_sec": 119.98,
    "total_arrivals": 6135,
    "total_completed": 6135,
    "total_ooms": 0,
    "throughput_per_sec": 51.133522253708946,
    "oom_rate": 0.0,
    "avg_utilization": 0.007651115071718413,
    "avg_n_batch": 47.54242928452579,
    "avg_latency_ms": 36.023461001485465,
    "p50_latency_ms": 32.816744350434135,
    "p95_latency_ms": 67.22823845772325,
    "p99_latency_ms": 77.46566999556677,
    "beta_stability": 0.0,
    "merged_stability": 0.020163898293641264,
    "load_balance_metric": 1.0,
    "avg_prefetch_hit_rate": 0.0,
    "regression_r2": 0.8743158619128575,
    "cold_start_phase": "stable",
    "defrag_merges_total": 0
  },
  "Sig+AimdH": {
    "duration_sec": 119.98,
    "total_arrivals": 6135,
    "total_completed": 6135,
    "total_ooms": 0,
    "throughput_per_sec": 51.133522253708946,
    "oom_rate": 0.0,
    "avg_utilization": 0.00676953112300005,
    "avg_n_batch": 45.643926788685526,
    "avg_latency_ms": 36.023461001485465,
    "p50_latency_ms": 32.816744350434135,
    "p95_latency_ms": 67.22823845772325,
    "p99_latency_ms": 77.46566999556677,
    "beta_stability": 3.301249661144379e-05,
    "merged_stability": 0.0458679619035215,
    "load_balance_metric": 1.0,
    "avg_prefetch_hit_rate": 0.0,
    "regression_r2": 0.8743158619128575,
    "cold_start_phase": "stable",
    "defrag_merges_total": 0
  },
  "Lin+WGM+AimdH": {
    "duration_sec": 119.98,
    "total_arrivals": 6135,
    "total_completed": 6135,
    "total_ooms": 0,
    "throughput_per_sec": 51.133522253708946,
    "oom_rate": 0.0,
    "avg_utilization": 0.00707692964469886,
    "avg_n_batch": 45.91514143094842,
    "avg_latency_ms": 36.023461001485465,
    "p50_latency_ms": 32.816744350434135,
    "p95_latency_ms": 67.22823845772325,
    "p99_latency_ms": 77.46566999556677,
    "beta_stability": 0.0,
    "merged_stability": 0.020744714502511415,
    "load_balance_metric": 1.0,
    "avg_prefetch_hit_rate": 0.0,
    "regression_r2": 0.8743158619128575,
    "cold_start_phase": "stable",
    "defrag_merges_total": 0
  },
  "FullOpt": {
    "duration_sec": 119.98,
    "total_arrivals": 6135,
    "total_completed": 6135,
    "total_ooms": 0,
    "throughput_per_sec": 51.133522253708946,
    "oom_rate": 0.0,
    "avg_utilization": 0.00676953112300005,
    "avg_n_batch": 45.643926788685526,
    "avg_latency_ms": 36.023461001485465,
    "p50_latency_ms": 32.816744350434135,
    "p95_latency_ms": 67.22823845772325,
    "p99_latency_ms": 77.46566999556677,
    "beta_stability": 3.301249661144379e-05,
    "merged_stability": 0.0458679619035215,
    "load_balance_metric": 1.0,
    "avg_prefetch_hit_rate": 0.0,
    "regression_r2": 0.8743158619128575,
    "cold_start_phase": "stable",
    "defrag_merges_total": 0
  },
  "FullAdaptive": {
    "duration_sec": 119.98,
    "total_arrivals": 6135,
    "total_completed": 6135,
    "total_ooms": 0,
    "throughput_per_sec": 51.133522253708946,
    "oom_rate": 0.0,
    "avg_utilization": 0.00676953112300005,
    "avg_n_batch": 45.643926788685526,
    "avg_latency_ms": 36.023461001485465,
    "p50_latency_ms": 32.816744350434135,
    "p95_latency_ms": 67.22823845772325,
    "p99_latency_ms": 77.46566999556677,
    "beta_stability": 1.3530079266193235e-05,
    "merged_stability": 0.045870234568122316,
    "load_balance_metric": 1.0,
    "avg_prefetch_hit_rate": 0.0,
    "regression_r2": 0.8743158619128575,
    "cold_start_phase": "stable",
    "defrag_merges_total": 0
  },
  "FullOpt_v0.3": {
    "duration_sec": 119.98,
    "total_arrivals": 6135,
    "total_completed": 6135,
    "total_ooms": 0,
    "throughput_per_sec": 51.133522253708946,
    "oom_rate": 0.0,
    "avg_utilization": 0.00676953112300005,
    "avg_n_batch": 45.643926788685526,
    "avg_latency_ms": 36.023461001485465,
    "p50_latency_ms": 32.816744350434135,
    "p95_latency_ms": 67.22823845772325,
    "p99_latency_ms": 77.46566999556677,
    "beta_stability": 3.301249661144379e-05,
    "merged_stability": 0.0458679619035215,
    "load_balance_metric": 1.0,
    "avg_prefetch_hit_rate": 0.0,
    "regression_r2": 0.8743158619128575,
    "cold_start_phase": "stable",
    "defrag_merges_total": 0
  }
}