{
  "Baseline (Disc+Mul+Hard+1.5x)": {
    "duration_sec": 149.99,
    "total_arrivals": 2974,
    "total_completed": 2173,
    "total_ooms": 336,
    "throughput_per_sec": 14.487632508833922,
    "oom_rate": 0.15462494247583985,
    "avg_utilization": 0.6281932396049097,
    "avg_n_batch": 27.42105263157895,
    "avg_latency_ms": 1605.024440824998,
    "p50_latency_ms": 814.1101529811863,
    "p95_latency_ms": 5253.990139428294,
    "p99_latency_ms": 9191.38429900819,
    "beta_stability": 0.006699264128751913,
    "merged_stability": 0.12030360134478091
  },
  "Sigmoid Only": {
    "duration_sec": 149.99,
    "total_arrivals": 2974,
    "total_completed": 1932,
    "total_ooms": 45,
    "throughput_per_sec": 12.880858723914926,
    "oom_rate": 0.023291925465838508,
    "avg_utilization": 0.6964348940807651,
    "avg_n_batch": 32.67088607594937,
    "avg_latency_ms": 1432.2903550062392,
    "p50_latency_ms": 822.2890670974721,
    "p95_latency_ms": 4824.877743266658,
    "p99_latency_ms": 5994.0137840646585,
    "beta_stability": 0.0035674617251744193,
    "merged_stability": 0.10172516947658596
  },
  "MinBottleneck": {
    "duration_sec": 149.99,
    "total_arrivals": 2974,
    "total_completed": 1849,
    "total_ooms": 58,
    "throughput_per_sec": 12.327488499233281,
    "oom_rate": 0.03136830719307734,
    "avg_utilization": 0.9613006053462416,
    "avg_n_batch": 26.21385742838108,
    "avg_latency_ms": 6380.154517736756,
    "p50_latency_ms": 6164.370883626078,
    "p95_latency_ms": 10290.634534519182,
    "p99_latency_ms": 11682.45345878022,
    "beta_stability": 0.08952632659497077,
    "merged_stability": 0.0404430268627423
  },
  "AIMD+Hysteresis": {
    "duration_sec": 149.99,
    "total_arrivals": 2974,
    "total_completed": 1930,
    "total_ooms": 52,
    "throughput_per_sec": 12.867524501633442,
    "oom_rate": 0.02694300518134715,
    "avg_utilization": 0.5507014851673349,
    "avg_n_batch": 35.12591605596269,
    "avg_latency_ms": 1347.4505596452957,
    "p50_latency_ms": 440.9423778369188,
    "p95_latency_ms": 4776.6477084446615,
    "p99_latency_ms": 5564.804180324971,
    "beta_stability": 0.005471751694338637,
    "merged_stability": 0.09394353362988236
  },
  "Sig+AimdH": {
    "duration_sec": 149.99,
    "total_arrivals": 2974,
    "total_completed": 1932,
    "total_ooms": 45,
    "throughput_per_sec": 12.880858723914926,
    "oom_rate": 0.023291925465838508,
    "avg_utilization": 0.6964348940807651,
    "avg_n_batch": 32.67088607594937,
    "avg_latency_ms": 1432.2903550062392,
    "p50_latency_ms": 822.2890670974721,
    "p95_latency_ms": 4824.877743266658,
    "p99_latency_ms": 5994.0137840646585,
    "beta_stability": 0.0035674617251744193,
    "merged_stability": 0.10172516947658596
  },
  "Lin+WGM+AimdH": {
    "duration_sec": 149.99,
    "total_arrivals": 2974,
    "total_completed": 1931,
    "total_ooms": 32,
    "throughput_per_sec": 12.874191612774185,
    "oom_rate": 0.016571724495080268,
    "avg_utilization": 0.6504763858550359,
    "avg_n_batch": 42.07328447701532,
    "avg_latency_ms": 1256.721385572964,
    "p50_latency_ms": 445.29107517854175,
    "p95_latency_ms": 4607.599814220968,
    "p99_latency_ms": 5384.795985508934,
    "beta_stability": 0.0060897553337025505,
    "merged_stability": 0.020537472734121185
  },
  "FullOpt": {
    "duration_sec": 149.99,
    "total_arrivals": 2974,
    "total_completed": 1934,
    "total_ooms": 19,
    "throughput_per_sec": 12.894192946196412,
    "oom_rate": 0.00982419855222337,
    "avg_utilization": 0.7364425674178291,
    "avg_n_batch": 43.20386409060626,
    "avg_latency_ms": 1561.9001160446269,
    "p50_latency_ms": 989.0108864414699,
    "p95_latency_ms": 4936.170545930433,
    "p99_latency_ms": 6232.351216913517,
    "beta_stability": 0.008178194470222512,
    "merged_stability": 0.025957319336899938
  },
  "FullAdaptive": {
    "duration_sec": 149.99,
    "total_arrivals": 2974,
    "total_completed": 1933,
    "total_ooms": 0,
    "throughput_per_sec": 12.88752583505567,
    "oom_rate": 0.0,
    "avg_utilization": 0.7958611909978557,
    "avg_n_batch": 43.22651565622918,
    "avg_latency_ms": 1809.9087964252371,
    "p50_latency_ms": 1344.1898879654204,
    "p95_latency_ms": 5402.106181746127,
    "p99_latency_ms": 6795.721602971936,
    "beta_stability": 0.00601754288661174,
    "merged_stability": 0.027523271764561114
  }
}