{
  "Baseline (Disc+Mul+Hard+1.5x)": {
    "duration_sec": 119.98,
    "total_arrivals": 996,
    "total_completed": 467,
    "total_ooms": 0,
    "throughput_per_sec": 3.8923153858976494,
    "oom_rate": 0.0,
    "avg_utilization": 0.7577133349179939,
    "avg_n_batch": 5.572379367720466,
    "avg_latency_ms": 19289.2251671941,
    "p50_latency_ms": 12089.132798239987,
    "p95_latency_ms": 62442.68654260068,
    "p99_latency_ms": 84007.58562328429,
    "beta_stability": 0.08132125271419673,
    "merged_stability": 0.0441727035120106,
    "load_balance_metric": 1.0,
    "avg_prefetch_hit_rate": 0.0,
    "regression_r2": 0.934794358106594,
    "cold_start_phase": "stable",
    "defrag_merges_total": 0
  },
  "Sigmoid Only": {
    "duration_sec": 119.98,
    "total_arrivals": 996,
    "total_completed": 463,
    "total_ooms": 0,
    "throughput_per_sec": 3.8589764960826805,
    "oom_rate": 0.0,
    "avg_utilization": 0.8035654860946043,
    "avg_n_batch": 5.850249584026622,
    "avg_latency_ms": 20460.122097585845,
    "p50_latency_ms": 14925.94733393679,
    "p95_latency_ms": 68817.964566859,
    "p99_latency_ms": 92265.76116610317,
    "beta_stability": 0.07036244544514128,
    "merged_stability": 0.056841038505307646,
    "load_balance_metric": 1.0,
    "avg_prefetch_hit_rate": 0.0,
    "regression_r2": 0.935455105441899,
    "cold_start_phase": "stable",
    "defrag_merges_total": 0
  },
  "MinBottleneck": {
    "duration_sec": 119.98,
    "total_arrivals": 996,
    "total_completed": 467,
    "total_ooms": 0,
    "throughput_per_sec": 3.8923153858976494,
    "oom_rate": 0.0,
    "avg_utilization": 0.7577133349179939,
    "avg_n_batch": 5.572379367720466,
    "avg_latency_ms": 19289.2251671941,
    "p50_latency_ms": 12089.132798239987,
    "p95_latency_ms": 62442.68654260068,
    "p99_latency_ms": 84007.58562328429,
    "beta_stability": 0.08132125271419673,
    "merged_stability": 0.0441727035120106,
    "load_balance_metric": 1.0,
    "avg_prefetch_hit_rate": 0.0,
    "regression_r2": 0.934794358106594,
    "cold_start_phase": "stable",
    "defrag_merges_total": 0
  },
  "AIMD+Hysteresis": {
    "duration_sec": 119.98,
    "total_arrivals": 996,
    "total_completed": 467,
    "total_ooms": 0,
    "throughput_per_sec": 3.8923153858976494,
    "oom_rate": 0.0,
    "avg_utilization": 0.7577133349179939,
    "avg_n_batch": 5.572379367720466,
    "avg_latency_ms": 19289.2251671941,
    "p50_latency_ms": 12089.132798239987,
    "p95_latency_ms": 62442.68654260068,
    "p99_latency_ms": 84007.58562328429,
    "beta_stability": 0.08132125271419673,
    "merged_stability": 0.0441727035120106,
    "load_balance_metric": 1.0,
    "avg_prefetch_hit_rate": 0.0,
    "regression_r2": 0.934794358106594,
    "cold_start_phase": "stable",
    "defrag_merges_total": 0
  },
  "Sig+AimdH": {
    "duration_sec": 119.98,
    "total_arrivals": 996,
    "total_completed": 463,
    "total_ooms": 0,
    "throughput_per_sec": 3.8589764960826805,
    "oom_rate": 0.0,
    "avg_utilization": 0.8035654860946043,
    "avg_n_batch": 5.850249584026622,
    "avg_latency_ms": 20460.122097585845,
    "p50_latency_ms": 14925.94733393679,
    "p95_latency_ms": 68817.964566859,
    "p99_latency_ms": 92265.76116610317,
    "beta_stability": 0.07036244544514128,
    "merged_stability": 0.056841038505307646,
    "load_balance_metric": 1.0,
    "avg_prefetch_hit_rate": 0.0,
    "regression_r2": 0.935455105441899,
    "cold_start_phase": "stable",
    "defrag_merges_total": 0
  },
  "Lin+WGM+AimdH": {
    "duration_sec": 119.98,
    "total_arrivals": 996,
    "total_completed": 351,
    "total_ooms": 0,
    "throughput_per_sec": 2.925487581263544,
    "oom_rate": 0.0,
    "avg_utilization": 0.8252317565961493,
    "avg_n_batch": 5.1763727121464225,
    "avg_latency_ms": 21914.26120627839,
    "p50_latency_ms": 14630.695707929022,
    "p95_latency_ms": 60397.090341962146,
    "p99_latency_ms": 84151.48133479277,
    "beta_stability": 0.11801178449967675,
    "merged_stability": 0.055466958789567644,
    "load_balance_metric": 1.0,
    "avg_prefetch_hit_rate": 0.0,
    "regression_r2": 0.9381262370746868,
    "cold_start_phase": "stable",
    "defrag_merges_total": 0
  },
  "FullOpt": {
    "duration_sec": 119.98,
    "total_arrivals": 996,
    "total_completed": 495,
    "total_ooms": 0,
    "throughput_per_sec": 4.125687614602434,
    "oom_rate": 0.0,
    "avg_utilization": 0.8129664844307107,
    "avg_n_batch": 5.64891846921797,
    "avg_latency_ms": 20182.38414725807,
    "p50_latency_ms": 13948.343353686276,
    "p95_latency_ms": 64243.68368203402,
    "p99_latency_ms": 89083.84326532317,
    "beta_stability": 0.07036244544514128,
    "merged_stability": 0.05782457701010976,
    "load_balance_metric": 1.0,
    "avg_prefetch_hit_rate": 0.0,
    "regression_r2": 0.9343504452812041,
    "cold_start_phase": "stable",
    "defrag_merges_total": 0
  },
  "FullAdaptive": {
    "duration_sec": 119.98,
    "total_arrivals": 996,
    "total_completed": 472,
    "total_ooms": 0,
    "throughput_per_sec": 3.933988998166361,
    "oom_rate": 0.0,
    "avg_utilization": 0.8227240313762776,
    "avg_n_batch": 5.484193011647254,
    "avg_latency_ms": 19294.757755150582,
    "p50_latency_ms": 14415.509158211378,
    "p95_latency_ms": 60409.67432131328,
    "p99_latency_ms": 88405.45285874032,
    "beta_stability": 0.07132723412150906,
    "merged_stability": 0.05778754965873825,
    "load_balance_metric": 1.0,
    "avg_prefetch_hit_rate": 0.0,
    "regression_r2": 0.9336077218846655,
    "cold_start_phase": "stable",
    "defrag_merges_total": 0
  },
  "FullOpt_v0.3": {
    "duration_sec": 119.98,
    "total_arrivals": 996,
    "total_completed": 495,
    "total_ooms": 0,
    "throughput_per_sec": 4.125687614602434,
    "oom_rate": 0.0,
    "avg_utilization": 0.8129664844307107,
    "avg_n_batch": 5.64891846921797,
    "avg_latency_ms": 20182.38414725807,
    "p50_latency_ms": 13948.343353686276,
    "p95_latency_ms": 64243.68368203402,
    "p99_latency_ms": 89083.84326532317,
    "beta_stability": 0.07036244544514128,
    "merged_stability": 0.05782457701010976,
    "load_balance_metric": 1.0,
    "avg_prefetch_hit_rate": 0.0,
    "regression_r2": 0.9343504452812041,
    "cold_start_phase": "stable",
    "defrag_merges_total": 0
  }
}