{
  "Baseline (Disc+Mul+Hard+1.5x)": {
    "duration_sec": 299.98,
    "total_arrivals": 3723,
    "total_completed": 3192,
    "total_ooms": 0,
    "throughput_per_sec": 10.640709380625374,
    "oom_rate": 0.0,
    "avg_utilization": 0.38798560599284165,
    "avg_n_batch": 8.722851432378414,
    "avg_latency_ms": 4737.696174239249,
    "p50_latency_ms": 2531.9902906130774,
    "p95_latency_ms": 10130.943714876013,
    "p99_latency_ms": 53682.432099861166,
    "beta_stability": 0.11338858697820732,
    "merged_stability": 0.02462454181227565,
    "load_balance_metric": 1.0,
    "avg_prefetch_hit_rate": 0.0,
    "regression_r2": 0.959343902704108,
    "cold_start_phase": "stable",
    "defrag_merges_total": 0
  },
  "Sigmoid Only": {
    "duration_sec": 299.98,
    "total_arrivals": 3723,
    "total_completed": 3211,
    "total_ooms": 0,
    "throughput_per_sec": 10.70404693646243,
    "oom_rate": 0.0,
    "avg_utilization": 0.1735786085208956,
    "avg_n_batch": 8.572951365756163,
    "avg_latency_ms": 3562.2307400246814,
    "p50_latency_ms": 1534.113314362962,
    "p95_latency_ms": 9006.18051565298,
    "p99_latency_ms": 29505.808760691885,
    "beta_stability": 0.10840819093306252,
    "merged_stability": 0.027103845530634572,
    "load_balance_metric": 1.0,
    "avg_prefetch_hit_rate": 0.0,
    "regression_r2": 0.9596277173658883,
    "cold_start_phase": "stable",
    "defrag_merges_total": 0
  },
  "MinBottleneck": {
    "duration_sec": 299.98,
    "total_arrivals": 3723,
    "total_completed": 3192,
    "total_ooms": 0,
    "throughput_per_sec": 10.640709380625374,
    "oom_rate": 0.0,
    "avg_utilization": 0.38798560599284165,
    "avg_n_batch": 8.722851432378414,
    "avg_latency_ms": 4737.696174239249,
    "p50_latency_ms": 2531.9902906130774,
    "p95_latency_ms": 10130.943714876013,
    "p99_latency_ms": 53682.432099861166,
    "beta_stability": 0.11338858697820732,
    "merged_stability": 0.02462454181227565,
    "load_balance_metric": 1.0,
    "avg_prefetch_hit_rate": 0.0,
    "regression_r2": 0.959343902704108,
    "cold_start_phase": "stable",
    "defrag_merges_total": 0
  },
  "AIMD+Hysteresis": {
    "duration_sec": 299.98,
    "total_arrivals": 3723,
    "total_completed": 3192,
    "total_ooms": 0,
    "throughput_per_sec": 10.640709380625374,
    "oom_rate": 0.0,
    "avg_utilization": 0.38798560599284165,
    "avg_n_batch": 8.722851432378414,
    "avg_latency_ms": 4737.696174239249,
    "p50_latency_ms": 2531.9902906130774,
    "p95_latency_ms": 10130.943714876013,
    "p99_latency_ms": 53682.432099861166,
    "beta_stability": 0.11338858697820732,
    "merged_stability": 0.02462454181227565,
    "load_balance_metric": 1.0,
    "avg_prefetch_hit_rate": 0.0,
    "regression_r2": 0.959343902704108,
    "cold_start_phase": "stable",
    "defrag_merges_total": 0
  },
  "Sig+AimdH": {
    "duration_sec": 299.98,
    "total_arrivals": 3723,
    "total_completed": 3211,
    "total_ooms": 0,
    "throughput_per_sec": 10.70404693646243,
    "oom_rate": 0.0,
    "avg_utilization": 0.1735786085208956,
    "avg_n_batch": 8.572951365756163,
    "avg_latency_ms": 3562.2307400246814,
    "p50_latency_ms": 1534.113314362962,
    "p95_latency_ms": 9006.18051565298,
    "p99_latency_ms": 29505.808760691885,
    "beta_stability": 0.10840819093306252,
    "merged_stability": 0.027103845530634572,
    "load_balance_metric": 1.0,
    "avg_prefetch_hit_rate": 0.0,
    "regression_r2": 0.9596277173658883,
    "cold_start_phase": "stable",
    "defrag_merges_total": 0
  },
  "Lin+WGM+AimdH": {
    "duration_sec": 299.98,
    "total_arrivals": 3723,
    "total_completed": 3395,
    "total_ooms": 0,
    "throughput_per_sec": 11.31742116141076,
    "oom_rate": 0.0,
    "avg_utilization": 0.5640952856636267,
    "avg_n_batch": 7.054630246502332,
    "avg_latency_ms": 4709.699197330185,
    "p50_latency_ms": 2712.2427101091375,
    "p95_latency_ms": 10275.202298177675,
    "p99_latency_ms": 31205.134382895663,
    "beta_stability": 0.15019627594383453,
    "merged_stability": 0.03412615384747358,
    "load_balance_metric": 1.0,
    "avg_prefetch_hit_rate": 0.0,
    "regression_r2": 0.9564862100752787,
    "cold_start_phase": "stable",
    "defrag_merges_total": 0
  },
  "FullOpt": {
    "duration_sec": 299.98,
    "total_arrivals": 3723,
    "total_completed": 3217,
    "total_ooms": 0,
    "throughput_per_sec": 10.724048269884658,
    "oom_rate": 0.0,
    "avg_utilization": 0.19755287831519078,
    "avg_n_batch": 8.649566955363092,
    "avg_latency_ms": 3729.883627091429,
    "p50_latency_ms": 1599.1374440456525,
    "p95_latency_ms": 9215.19926863162,
    "p99_latency_ms": 39951.98967699353,
    "beta_stability": 0.1084093460473392,
    "merged_stability": 0.02713542670997255,
    "load_balance_metric": 1.0,
    "avg_prefetch_hit_rate": 0.0,
    "regression_r2": 0.9566882276431149,
    "cold_start_phase": "stable",
    "defrag_merges_total": 0
  },
  "FullAdaptive": {
    "duration_sec": 299.98,
    "total_arrivals": 3723,
    "total_completed": 3276,
    "total_ooms": 0,
    "throughput_per_sec": 10.920728048536569,
    "oom_rate": 0.0,
    "avg_utilization": 0.19866665960713187,
    "avg_n_batch": 8.323117921385743,
    "avg_latency_ms": 3208.094879765781,
    "p50_latency_ms": 1442.0930171510875,
    "p95_latency_ms": 9028.477983871471,
    "p99_latency_ms": 28976.84455255779,
    "beta_stability": 0.11088681385194164,
    "merged_stability": 0.02739028328935057,
    "load_balance_metric": 1.0,
    "avg_prefetch_hit_rate": 0.0,
    "regression_r2": 0.958563841206319,
    "cold_start_phase": "stable",
    "defrag_merges_total": 0
  },
  "FullOpt_v0.3": {
    "duration_sec": 299.98,
    "total_arrivals": 3723,
    "total_completed": 3217,
    "total_ooms": 0,
    "throughput_per_sec": 10.724048269884658,
    "oom_rate": 0.0,
    "avg_utilization": 0.19755287831519078,
    "avg_n_batch": 8.649566955363092,
    "avg_latency_ms": 3729.883627091429,
    "p50_latency_ms": 1599.1374440456525,
    "p95_latency_ms": 9215.19926863162,
    "p99_latency_ms": 39951.98967699353,
    "beta_stability": 0.1084093460473392,
    "merged_stability": 0.02713542670997255,
    "load_balance_metric": 1.0,
    "avg_prefetch_hit_rate": 0.0,
    "regression_r2": 0.9566882276431149,
    "cold_start_phase": "stable",
    "defrag_merges_total": 0
  }
}