{
  "Baseline (Disc+Mul+Hard+1.5x)": {
    "duration_sec": 119.99000000000001,
    "total_arrivals": 1778,
    "total_completed": 1256,
    "total_ooms": 102,
    "throughput_per_sec": 10.46753896158013,
    "oom_rate": 0.08121019108280254,
    "avg_utilization": 0.6180712388189149,
    "avg_n_batch": 27.354704412989175,
    "avg_latency_ms": 1747.8629405748393,
    "p50_latency_ms": 1152.625935083595,
    "p95_latency_ms": 5638.017026079529,
    "p99_latency_ms": 8554.859421455076,
    "beta_stability": 0.0,
    "merged_stability": 0.1430911078399319
  },
  "Sigmoid Only": {
    "duration_sec": 119.99000000000001,
    "total_arrivals": 1778,
    "total_completed": 1114,
    "total_ooms": 38,
    "throughput_per_sec": 9.28410700891741,
    "oom_rate": 0.03411131059245961,
    "avg_utilization": 0.585679275649597,
    "avg_n_batch": 33.3563696919234,
    "avg_latency_ms": 1423.6064545452248,
    "p50_latency_ms": 598.8667810630233,
    "p95_latency_ms": 4796.738558159688,
    "p99_latency_ms": 6238.55362832253,
    "beta_stability": 0.004175309889607983,
    "merged_stability": 0.1142467596013167
  },
  "MinBottleneck": {
    "duration_sec": 119.99000000000001,
    "total_arrivals": 1778,
    "total_completed": 1045,
    "total_ooms": 34,
    "throughput_per_sec": 8.709059088257353,
    "oom_rate": 0.03253588516746411,
    "avg_utilization": 0.9574640596705544,
    "avg_n_batch": 26.25645295587011,
    "avg_latency_ms": 8007.101988731084,
    "p50_latency_ms": 8098.313655385141,
    "p95_latency_ms": 12033.140500505888,
    "p99_latency_ms": 13336.802497834806,
    "beta_stability": 0.09664593388252657,
    "merged_stability": 0.04275966458505527
  },
  "AIMD+Hysteresis": {
    "duration_sec": 119.99000000000001,
    "total_arrivals": 1778,
    "total_completed": 1112,
    "total_ooms": 37,
    "throughput_per_sec": 9.267438953246103,
    "oom_rate": 0.03327338129496403,
    "avg_utilization": 0.6401470352616396,
    "avg_n_batch": 35.3563696919234,
    "avg_latency_ms": 1584.8632966760183,
    "p50_latency_ms": 942.1170559705345,
    "p95_latency_ms": 4880.499338956775,
    "p99_latency_ms": 6708.771445336314,
    "beta_stability": 0.004326521584268637,
    "merged_stability": 0.10602194350007943
  },
  "Sig+AimdH": {
    "duration_sec": 119.99000000000001,
    "total_arrivals": 1778,
    "total_completed": 1113,
    "total_ooms": 23,
    "throughput_per_sec": 9.275772981081756,
    "oom_rate": 0.020664869721473494,
    "avg_utilization": 0.5972558482840503,
    "avg_n_batch": 33.3488759367194,
    "avg_latency_ms": 1461.2284506825586,
    "p50_latency_ms": 789.4586639556849,
    "p95_latency_ms": 4792.374725607528,
    "p99_latency_ms": 6231.915294563203,
    "beta_stability": 0.0037786957201836092,
    "merged_stability": 0.11425074215602599
  },
  "Lin+WGM+AimdH": {
    "duration_sec": 119.99000000000001,
    "total_arrivals": 1778,
    "total_completed": 1110,
    "total_ooms": 20,
    "throughput_per_sec": 9.250770897574798,
    "oom_rate": 0.018018018018018018,
    "avg_utilization": 0.6571166081853432,
    "avg_n_batch": 42.12822647793505,
    "avg_latency_ms": 1314.4239831704483,
    "p50_latency_ms": 487.0297758068567,
    "p95_latency_ms": 4583.054629131574,
    "p99_latency_ms": 5928.351098569963,
    "beta_stability": 0.00698915158259835,
    "merged_stability": 0.024733190197334352
  },
  "FullOpt": {
    "duration_sec": 119.99000000000001,
    "total_arrivals": 1778,
    "total_completed": 1117,
    "total_ooms": 14,
    "throughput_per_sec": 9.309109092424368,
    "oom_rate": 0.012533572068039392,
    "avg_utilization": 0.6370551043191215,
    "avg_n_batch": 43.422148209825146,
    "avg_latency_ms": 1737.329070212431,
    "p50_latency_ms": 1145.552208024526,
    "p95_latency_ms": 5108.571426226363,
    "p99_latency_ms": 7048.884512970467,
    "beta_stability": 0.0097230932200588,
    "merged_stability": 0.029279711779021424
  },
  "FullAdaptive": {
    "duration_sec": 119.99000000000001,
    "total_arrivals": 1778,
    "total_completed": 1118,
    "total_ooms": 0,
    "throughput_per_sec": 9.317443120260021,
    "oom_rate": 0.0,
    "avg_utilization": 0.6775635324286355,
    "avg_n_batch": 43.43130724396337,
    "avg_latency_ms": 1871.9402024916703,
    "p50_latency_ms": 1298.8862372171152,
    "p95_latency_ms": 5602.39764987819,
    "p99_latency_ms": 7591.25945107166,
    "beta_stability": 0.005864302553564089,
    "merged_stability": 0.029285998988478352
  }
}