{
  "Baseline (Disc+Mul+Hard+1.5x)": {
    "duration_sec": 89.98,
    "total_arrivals": 1481,
    "total_completed": 1257,
    "total_ooms": 0,
    "throughput_per_sec": 13.969771060235606,
    "oom_rate": 0.0,
    "avg_utilization": 0.38988566703457556,
    "avg_n_batch": 11.319290465631928,
    "avg_latency_ms": 2207.8193293293994,
    "p50_latency_ms": 1086.5900240975961,
    "p95_latency_ms": 7856.832567596012,
    "p99_latency_ms": 14097.112291822654,
    "beta_stability": 0.1714705268621737,
    "merged_stability": 0.03791179427433796,
    "load_balance_metric": 1.0,
    "avg_prefetch_hit_rate": 0.0,
    "regression_r2": 0.9598510105912192,
    "cold_start_phase": "stable",
    "defrag_merges_total": 0
  },
  "Sigmoid Only": {
    "duration_sec": 89.98,
    "total_arrivals": 1481,
    "total_completed": 1264,
    "total_ooms": 0,
    "throughput_per_sec": 14.047566125805734,
    "oom_rate": 0.0,
    "avg_utilization": 0.11271936087338925,
    "avg_n_batch": 11.39911308203991,
    "avg_latency_ms": 2044.8410678241273,
    "p50_latency_ms": 592.676190472396,
    "p95_latency_ms": 7794.78810288245,
    "p99_latency_ms": 14331.946020215057,
    "beta_stability": 0.16725003017273177,
    "merged_stability": 0.03682801680518218,
    "load_balance_metric": 1.0,
    "avg_prefetch_hit_rate": 0.0,
    "regression_r2": 0.9599314807525954,
    "cold_start_phase": "stable",
    "defrag_merges_total": 0
  },
  "MinBottleneck": {
    "duration_sec": 89.98,
    "total_arrivals": 1481,
    "total_completed": 1257,
    "total_ooms": 0,
    "throughput_per_sec": 13.969771060235606,
    "oom_rate": 0.0,
    "avg_utilization": 0.38988566703457556,
    "avg_n_batch": 11.319290465631928,
    "avg_latency_ms": 2207.8193293293994,
    "p50_latency_ms": 1086.5900240975961,
    "p95_latency_ms": 7856.832567596012,
    "p99_latency_ms": 14097.112291822654,
    "beta_stability": 0.1714705268621737,
    "merged_stability": 0.03791179427433796,
    "load_balance_metric": 1.0,
    "avg_prefetch_hit_rate": 0.0,
    "regression_r2": 0.9598510105912192,
    "cold_start_phase": "stable",
    "defrag_merges_total": 0
  },
  "AIMD+Hysteresis": {
    "duration_sec": 89.98,
    "total_arrivals": 1481,
    "total_completed": 1257,
    "total_ooms": 0,
    "throughput_per_sec": 13.969771060235606,
    "oom_rate": 0.0,
    "avg_utilization": 0.38988566703457556,
    "avg_n_batch": 11.319290465631928,
    "avg_latency_ms": 2207.8193293293994,
    "p50_latency_ms": 1086.5900240975961,
    "p95_latency_ms": 7856.832567596012,
    "p99_latency_ms": 14097.112291822654,
    "beta_stability": 0.1714705268621737,
    "merged_stability": 0.03791179427433796,
    "load_balance_metric": 1.0,
    "avg_prefetch_hit_rate": 0.0,
    "regression_r2": 0.9598510105912192,
    "cold_start_phase": "stable",
    "defrag_merges_total": 0
  },
  "Sig+AimdH": {
    "duration_sec": 89.98,
    "total_arrivals": 1481,
    "total_completed": 1264,
    "total_ooms": 0,
    "throughput_per_sec": 14.047566125805734,
    "oom_rate": 0.0,
    "avg_utilization": 0.11271936087338925,
    "avg_n_batch": 11.39911308203991,
    "avg_latency_ms": 2044.8410678241273,
    "p50_latency_ms": 592.676190472396,
    "p95_latency_ms": 7794.78810288245,
    "p99_latency_ms": 14331.946020215057,
    "beta_stability": 0.16725003017273177,
    "merged_stability": 0.03682801680518218,
    "load_balance_metric": 1.0,
    "avg_prefetch_hit_rate": 0.0,
    "regression_r2": 0.9599314807525954,
    "cold_start_phase": "stable",
    "defrag_merges_total": 0
  },
  "Lin+WGM+AimdH": {
    "duration_sec": 89.98,
    "total_arrivals": 1481,
    "total_completed": 1364,
    "total_ooms": 0,
    "throughput_per_sec": 15.158924205378973,
    "oom_rate": 0.0,
    "avg_utilization": 0.43241238444245295,
    "avg_n_batch": 9.767184035476719,
    "avg_latency_ms": 3208.7828178638715,
    "p50_latency_ms": 1082.6872825933488,
    "p95_latency_ms": 10462.968798486085,
    "p99_latency_ms": 30341.515544382837,
    "beta_stability": 0.23249805182634997,
    "merged_stability": 0.050660037748919126,
    "load_balance_metric": 1.0,
    "avg_prefetch_hit_rate": 0.0,
    "regression_r2": 0.9568759374074993,
    "cold_start_phase": "stable",
    "defrag_merges_total": 0
  },
  "FullOpt": {
    "duration_sec": 89.98,
    "total_arrivals": 1481,
    "total_completed": 1265,
    "total_ooms": 0,
    "throughput_per_sec": 14.058679706601467,
    "oom_rate": 0.0,
    "avg_utilization": 0.10643302587308527,
    "avg_n_batch": 11.39689578713969,
    "avg_latency_ms": 2028.901977728274,
    "p50_latency_ms": 585.7475278049903,
    "p95_latency_ms": 7500.116124072555,
    "p99_latency_ms": 14708.708022247461,
    "beta_stability": 0.16725003016935547,
    "merged_stability": 0.03679024651905629,
    "load_balance_metric": 1.0,
    "avg_prefetch_hit_rate": 0.0,
    "regression_r2": 0.9601116819532816,
    "cold_start_phase": "stable",
    "defrag_merges_total": 0
  },
  "FullAdaptive": {
    "duration_sec": 89.98,
    "total_arrivals": 1481,
    "total_completed": 1284,
    "total_ooms": 0,
    "throughput_per_sec": 14.269837741720382,
    "oom_rate": 0.0,
    "avg_utilization": 0.15026307967635763,
    "avg_n_batch": 11.28159645232816,
    "avg_latency_ms": 2022.4022010570113,
    "p50_latency_ms": 590.1009883067499,
    "p95_latency_ms": 7608.8593644040475,
    "p99_latency_ms": 14423.659480926686,
    "beta_stability": 0.1693361651039195,
    "merged_stability": 0.0360612869652212,
    "load_balance_metric": 1.0,
    "avg_prefetch_hit_rate": 0.0,
    "regression_r2": 0.9591743909015863,
    "cold_start_phase": "stable",
    "defrag_merges_total": 0
  },
  "FullOpt_v0.3": {
    "duration_sec": 89.98,
    "total_arrivals": 1481,
    "total_completed": 1265,
    "total_ooms": 0,
    "throughput_per_sec": 14.058679706601467,
    "oom_rate": 0.0,
    "avg_utilization": 0.10643302587308527,
    "avg_n_batch": 11.39689578713969,
    "avg_latency_ms": 2028.901977728274,
    "p50_latency_ms": 585.7475278049903,
    "p95_latency_ms": 7500.116124072555,
    "p99_latency_ms": 14708.708022247461,
    "beta_stability": 0.16725003016935547,
    "merged_stability": 0.03679024651905629,
    "load_balance_metric": 1.0,
    "avg_prefetch_hit_rate": 0.0,
    "regression_r2": 0.9601116819532816,
    "cold_start_phase": "stable",
    "defrag_merges_total": 0
  }
}