{
  "Baseline (Disc+Mul+Hard+1.5x)": {
    "duration_sec": 89.99,
    "total_arrivals": 1601,
    "total_completed": 1175,
    "total_ooms": 312,
    "throughput_per_sec": 13.057006334037116,
    "oom_rate": 0.265531914893617,
    "avg_utilization": 0.6788272918877012,
    "avg_n_batch": 27.18534961154273,
    "avg_latency_ms": 1746.601516336881,
    "p50_latency_ms": 774.3757110010598,
    "p95_latency_ms": 6042.921392505862,
    "p99_latency_ms": 8754.654003608093,
    "beta_stability": 0.00499445061043285,
    "merged_stability": 0.13940875591497906
  },
  "Sigmoid Only": {
    "duration_sec": 89.99,
    "total_arrivals": 1601,
    "total_completed": 1115,
    "total_ooms": 173,
    "throughput_per_sec": 12.390265585065007,
    "oom_rate": 0.15515695067264573,
    "avg_utilization": 0.30125346678917675,
    "avg_n_batch": 30.914539400665927,
    "avg_latency_ms": 1199.6726704201396,
    "p50_latency_ms": 54.366089270200035,
    "p95_latency_ms": 4725.895825715272,
    "p99_latency_ms": 6914.647780669177,
    "beta_stability": 0.00038395111703467383,
    "merged_stability": 0.1187277981309495
  },
  "MinBottleneck": {
    "duration_sec": 89.99,
    "total_arrivals": 1601,
    "total_completed": 1004,
    "total_ooms": 43,
    "throughput_per_sec": 11.156795199466607,
    "oom_rate": 0.04282868525896414,
    "avg_utilization": 0.9090730902467862,
    "avg_n_batch": 26.356270810210876,
    "avg_latency_ms": 5466.4840750592675,
    "p50_latency_ms": 3796.7287618514256,
    "p95_latency_ms": 13550.57631704765,
    "p99_latency_ms": 16283.677048932734,
    "beta_stability": 0.12414511605314936,
    "merged_stability": 0.047078124641088105
  },
  "AIMD+Hysteresis": {
    "duration_sec": 89.99,
    "total_arrivals": 1601,
    "total_completed": 1043,
    "total_ooms": 57,
    "throughput_per_sec": 11.590176686298479,
    "oom_rate": 0.05465004793863854,
    "avg_utilization": 0.4471554789964362,
    "avg_n_batch": 33.81354051054384,
    "avg_latency_ms": 1340.7155873981671,
    "p50_latency_ms": 389.9782119136557,
    "p95_latency_ms": 4715.112358937289,
    "p99_latency_ms": 6518.942666588864,
    "beta_stability": 0.0,
    "merged_stability": 0.13210704281178873
  },
  "Sig+AimdH": {
    "duration_sec": 89.99,
    "total_arrivals": 1601,
    "total_completed": 1049,
    "total_ooms": 147,
    "throughput_per_sec": 11.656850761195688,
    "oom_rate": 0.14013346043851288,
    "avg_utilization": 0.5016097974151115,
    "avg_n_batch": 33.009988901220865,
    "avg_latency_ms": 1288.68595140876,
    "p50_latency_ms": 103.35589479063856,
    "p95_latency_ms": 4707.883548659793,
    "p99_latency_ms": 6541.701107309422,
    "beta_stability": 0.0021932944316286583,
    "merged_stability": 0.10893543361821681
  },
  "Lin+WGM+AimdH": {
    "duration_sec": 89.99,
    "total_arrivals": 1601,
    "total_completed": 1040,
    "total_ooms": 26,
    "throughput_per_sec": 11.556839648849873,
    "oom_rate": 0.025,
    "avg_utilization": 0.6287236373268043,
    "avg_n_batch": 42.2519422863485,
    "avg_latency_ms": 1281.7410613968455,
    "p50_latency_ms": 385.0440414806151,
    "p95_latency_ms": 4605.209620369717,
    "p99_latency_ms": 5320.2718687644565,
    "beta_stability": 0.007673373148807395,
    "merged_stability": 0.02520498456290575
  },
  "FullOpt": {
    "duration_sec": 89.99,
    "total_arrivals": 1601,
    "total_completed": 1033,
    "total_ooms": 41,
    "throughput_per_sec": 11.47905322813646,
    "oom_rate": 0.03969022265246854,
    "avg_utilization": 0.6508824544543048,
    "avg_n_batch": 43.32963374028857,
    "avg_latency_ms": 1558.1610779427324,
    "p50_latency_ms": 611.763468941394,
    "p95_latency_ms": 4901.44181936142,
    "p99_latency_ms": 6465.92960601771,
    "beta_stability": 0.01345510607561874,
    "merged_stability": 0.028406719059510033
  },
  "FullAdaptive": {
    "duration_sec": 89.99,
    "total_arrivals": 1601,
    "total_completed": 1037,
    "total_ooms": 5,
    "throughput_per_sec": 11.523502611401268,
    "oom_rate": 0.0048216007714561235,
    "avg_utilization": 0.6969039393649737,
    "avg_n_batch": 43.268590455049946,
    "avg_latency_ms": 1734.8269047540316,
    "p50_latency_ms": 779.433895529774,
    "p95_latency_ms": 5647.9352538474095,
    "p99_latency_ms": 7880.237611147306,
    "beta_stability": 0.0068219549533543485,
    "merged_stability": 0.02693283545008163
  }
}