{
  "Baseline (Disc+Mul+Hard+1.5x)": {
    "duration_sec": 119.99000000000001,
    "total_arrivals": 972,
    "total_completed": 326,
    "total_ooms": 82,
    "throughput_per_sec": 2.7168930744228685,
    "oom_rate": 0.25153374233128833,
    "avg_utilization": 0.9011462359072016,
    "avg_n_batch": 17.41215653621982,
    "avg_latency_ms": 5483.466656405253,
    "p50_latency_ms": 4935.778203850674,
    "p95_latency_ms": 12012.300844053447,
    "p99_latency_ms": 13859.855290537938,
    "beta_stability": 0.004326521584268636,
    "merged_stability": 0.2124958562852672
  },
  "Sigmoid Only": {
    "duration_sec": 119.99000000000001,
    "total_arrivals": 972,
    "total_completed": 161,
    "total_ooms": 22,
    "throughput_per_sec": 1.3417784815401281,
    "oom_rate": 0.13664596273291926,
    "avg_utilization": 0.6741891048204016,
    "avg_n_batch": 32.905079100749376,
    "avg_latency_ms": 2107.235676470596,
    "p50_latency_ms": 1365.8378107411888,
    "p95_latency_ms": 6117.76152615218,
    "p99_latency_ms": 7036.981760350112,
    "beta_stability": 0.0038065777569678307,
    "merged_stability": 0.15205894311177282
  },
  "MinBottleneck": {
    "duration_sec": 119.99000000000001,
    "total_arrivals": 972,
    "total_completed": 143,
    "total_ooms": 14,
    "throughput_per_sec": 1.1917659804983747,
    "oom_rate": 0.0979020979020979,
    "avg_utilization": 0.943821921902688,
    "avg_n_batch": 26.537885095753538,
    "avg_latency_ms": 14565.334960806187,
    "p50_latency_ms": 15317.834103934167,
    "p95_latency_ms": 20439.306722597652,
    "p99_latency_ms": 21399.695936505665,
    "beta_stability": 0.10019216824620951,
    "merged_stability": 0.0652725882232072
  },
  "AIMD+Hysteresis": {
    "duration_sec": 119.99000000000001,
    "total_arrivals": 972,
    "total_completed": 162,
    "total_ooms": 3,
    "throughput_per_sec": 1.3501125093757813,
    "oom_rate": 0.018518518518518517,
    "avg_utilization": 0.8151420423896611,
    "avg_n_batch": 33.601165695253954,
    "avg_latency_ms": 2848.9306867312157,
    "p50_latency_ms": 2459.2948665337954,
    "p95_latency_ms": 7827.3979910458775,
    "p99_latency_ms": 10638.854579700337,
    "beta_stability": 0.0,
    "merged_stability": 0.14226779101645373
  },
  "Sig+AimdH": {
    "duration_sec": 119.99000000000001,
    "total_arrivals": 972,
    "total_completed": 166,
    "total_ooms": 1,
    "throughput_per_sec": 1.3834486207183931,
    "oom_rate": 0.006024096385542169,
    "avg_utilization": 0.6303532668538325,
    "avg_n_batch": 32.94254787676936,
    "avg_latency_ms": 1974.9515938265772,
    "p50_latency_ms": 1183.8490432555488,
    "p95_latency_ms": 5855.26602774588,
    "p99_latency_ms": 8591.58625208354,
    "beta_stability": 0.003127982451458758,
    "merged_stability": 0.15191255473534565
  },
  "Lin+WGM+AimdH": {
    "duration_sec": 119.99000000000001,
    "total_arrivals": 972,
    "total_completed": 163,
    "total_ooms": 0,
    "throughput_per_sec": 1.3584465372114343,
    "oom_rate": 0.0,
    "avg_utilization": 0.6309513776011019,
    "avg_n_batch": 42.254787676935884,
    "avg_latency_ms": 1906.1631612263118,
    "p50_latency_ms": 1190.8821788731957,
    "p95_latency_ms": 5393.497586478361,
    "p99_latency_ms": 7857.411397422198,
    "beta_stability": 0.008720283663336907,
    "merged_stability": 0.03383216077869996
  },
  "FullOpt": {
    "duration_sec": 119.99000000000001,
    "total_arrivals": 972,
    "total_completed": 158,
    "total_ooms": 0,
    "throughput_per_sec": 1.3167763980331693,
    "oom_rate": 0.0,
    "avg_utilization": 0.787364163927938,
    "avg_n_batch": 43.20566194837635,
    "avg_latency_ms": 2901.817622504458,
    "p50_latency_ms": 2805.7772386357983,
    "p95_latency_ms": 7638.030541355689,
    "p99_latency_ms": 9137.921751571927,
    "beta_stability": 0.012437739319731729,
    "merged_stability": 0.03651577792545569
  },
  "FullAdaptive": {
    "duration_sec": 119.99000000000001,
    "total_arrivals": 972,
    "total_completed": 161,
    "total_ooms": 0,
    "throughput_per_sec": 1.3417784815401281,
    "oom_rate": 0.0,
    "avg_utilization": 0.8736091996724217,
    "avg_n_batch": 43.20482930890924,
    "avg_latency_ms": 3906.914207963697,
    "p50_latency_ms": 3811.222343986579,
    "p95_latency_ms": 9105.016924186219,
    "p99_latency_ms": 11013.638734735729,
    "beta_stability": 0.008047564614209432,
    "merged_stability": 0.039930561836175826
  }
}