{
  "Baseline (Disc+Mul+Hard+1.5x)": {
    "duration_sec": 149.98,
    "total_arrivals": 3052,
    "total_completed": 2516,
    "total_ooms": 0,
    "throughput_per_sec": 16.775570076010137,
    "oom_rate": 0.0,
    "avg_utilization": 0.5508455516924181,
    "avg_n_batch": 7.396804260985353,
    "avg_latency_ms": 4390.721590212449,
    "p50_latency_ms": 3459.2698233865153,
    "p95_latency_ms": 11894.886375000076,
    "p99_latency_ms": 17167.97039219423,
    "beta_stability": 0.06394757536350881,
    "merged_stability": 0.031239556077806183,
    "load_balance_metric": 1.0,
    "avg_prefetch_hit_rate": 0.0,
    "regression_r2": 0.9599650961227388,
    "cold_start_phase": "stable",
    "defrag_merges_total": 0
  },
  "Sigmoid Only": {
    "duration_sec": 149.98,
    "total_arrivals": 3052,
    "total_completed": 2536,
    "total_ooms": 0,
    "throughput_per_sec": 16.908921189491934,
    "oom_rate": 0.0,
    "avg_utilization": 0.329317442143478,
    "avg_n_batch": 7.627163781624501,
    "avg_latency_ms": 3422.3302176137263,
    "p50_latency_ms": 1683.8526538065394,
    "p95_latency_ms": 10241.332526399563,
    "p99_latency_ms": 21770.41623622362,
    "beta_stability": 0.05810522499524393,
    "merged_stability": 0.0338009163781572,
    "load_balance_metric": 1.0,
    "avg_prefetch_hit_rate": 0.0,
    "regression_r2": 0.959351519125464,
    "cold_start_phase": "stable",
    "defrag_merges_total": 0
  },
  "MinBottleneck": {
    "duration_sec": 149.98,
    "total_arrivals": 3052,
    "total_completed": 2516,
    "total_ooms": 0,
    "throughput_per_sec": 16.775570076010137,
    "oom_rate": 0.0,
    "avg_utilization": 0.5508455516924181,
    "avg_n_batch": 7.396804260985353,
    "avg_latency_ms": 4390.721590212449,
    "p50_latency_ms": 3459.2698233865153,
    "p95_latency_ms": 11894.886375000076,
    "p99_latency_ms": 17167.97039219423,
    "beta_stability": 0.06394757536350881,
    "merged_stability": 0.031239556077806183,
    "load_balance_metric": 1.0,
    "avg_prefetch_hit_rate": 0.0,
    "regression_r2": 0.9599650961227388,
    "cold_start_phase": "stable",
    "defrag_merges_total": 0
  },
  "AIMD+Hysteresis": {
    "duration_sec": 149.98,
    "total_arrivals": 3052,
    "total_completed": 2516,
    "total_ooms": 0,
    "throughput_per_sec": 16.775570076010137,
    "oom_rate": 0.0,
    "avg_utilization": 0.5508455516924181,
    "avg_n_batch": 7.396804260985353,
    "avg_latency_ms": 4390.721590212449,
    "p50_latency_ms": 3459.2698233865153,
    "p95_latency_ms": 11894.886375000076,
    "p99_latency_ms": 17167.97039219423,
    "beta_stability": 0.06394757536350881,
    "merged_stability": 0.031239556077806183,
    "load_balance_metric": 1.0,
    "avg_prefetch_hit_rate": 0.0,
    "regression_r2": 0.9599650961227388,
    "cold_start_phase": "stable",
    "defrag_merges_total": 0
  },
  "Sig+AimdH": {
    "duration_sec": 149.98,
    "total_arrivals": 3052,
    "total_completed": 2536,
    "total_ooms": 0,
    "throughput_per_sec": 16.908921189491934,
    "oom_rate": 0.0,
    "avg_utilization": 0.329317442143478,
    "avg_n_batch": 7.627163781624501,
    "avg_latency_ms": 3422.3302176137263,
    "p50_latency_ms": 1683.8526538065394,
    "p95_latency_ms": 10241.332526399563,
    "p99_latency_ms": 21770.41623622362,
    "beta_stability": 0.05810522499524393,
    "merged_stability": 0.0338009163781572,
    "load_balance_metric": 1.0,
    "avg_prefetch_hit_rate": 0.0,
    "regression_r2": 0.959351519125464,
    "cold_start_phase": "stable",
    "defrag_merges_total": 0
  },
  "Lin+WGM+AimdH": {
    "duration_sec": 149.98,
    "total_arrivals": 3052,
    "total_completed": 2630,
    "total_ooms": 0,
    "throughput_per_sec": 17.53567142285638,
    "oom_rate": 0.0,
    "avg_utilization": 0.6233225114173838,
    "avg_n_batch": 5.792276964047936,
    "avg_latency_ms": 4508.7111190512305,
    "p50_latency_ms": 3361.747036627966,
    "p95_latency_ms": 12548.63014550619,
    "p99_latency_ms": 23412.519374924454,
    "beta_stability": 0.08958514051242895,
    "merged_stability": 0.03688752438199537,
    "load_balance_metric": 1.0,
    "avg_prefetch_hit_rate": 0.0,
    "regression_r2": 0.9593294478767852,
    "cold_start_phase": "stable",
    "defrag_merges_total": 0
  },
  "FullOpt": {
    "duration_sec": 149.98,
    "total_arrivals": 3052,
    "total_completed": 2551,
    "total_ooms": 0,
    "throughput_per_sec": 17.00893452460328,
    "oom_rate": 0.0,
    "avg_utilization": 0.30597956164847373,
    "avg_n_batch": 7.480692410119841,
    "avg_latency_ms": 3433.694351988621,
    "p50_latency_ms": 1643.865973213309,
    "p95_latency_ms": 10298.58758660363,
    "p99_latency_ms": 20945.50050598524,
    "beta_stability": 0.058105142832962885,
    "merged_stability": 0.03385275635441133,
    "load_balance_metric": 1.0,
    "avg_prefetch_hit_rate": 0.0,
    "regression_r2": 0.9590347689882446,
    "cold_start_phase": "stable",
    "defrag_merges_total": 0
  },
  "FullAdaptive": {
    "duration_sec": 149.98,
    "total_arrivals": 3052,
    "total_completed": 2660,
    "total_ooms": 0,
    "throughput_per_sec": 17.73569809307908,
    "oom_rate": 0.0,
    "avg_utilization": 0.30517105022779606,
    "avg_n_batch": 7.167776298268975,
    "avg_latency_ms": 4290.418984028077,
    "p50_latency_ms": 1594.534416062487,
    "p95_latency_ms": 11893.346668628465,
    "p99_latency_ms": 55957.153688928105,
    "beta_stability": 0.06356619110506159,
    "merged_stability": 0.03486667733301038,
    "load_balance_metric": 1.0,
    "avg_prefetch_hit_rate": 0.0,
    "regression_r2": 0.9607858842101676,
    "cold_start_phase": "stable",
    "defrag_merges_total": 0
  },
  "FullOpt_v0.3": {
    "duration_sec": 149.98,
    "total_arrivals": 3052,
    "total_completed": 2551,
    "total_ooms": 0,
    "throughput_per_sec": 17.00893452460328,
    "oom_rate": 0.0,
    "avg_utilization": 0.30597956164847373,
    "avg_n_batch": 7.480692410119841,
    "avg_latency_ms": 3433.694351988621,
    "p50_latency_ms": 1643.865973213309,
    "p95_latency_ms": 10298.58758660363,
    "p99_latency_ms": 20945.50050598524,
    "beta_stability": 0.058105142832962885,
    "merged_stability": 0.03385275635441133,
    "load_balance_metric": 1.0,
    "avg_prefetch_hit_rate": 0.0,
    "regression_r2": 0.9590347689882446,
    "cold_start_phase": "stable",
    "defrag_merges_total": 0
  }
}