{
  "Baseline (Disc+Mul+Hard+1.5x)": {
    "duration_sec": 119.98,
    "total_arrivals": 1178,
    "total_completed": 662,
    "total_ooms": 0,
    "throughput_per_sec": 5.517586264377396,
    "oom_rate": 0.0,
    "avg_utilization": 0.6832105221456303,
    "avg_n_batch": 4.347753743760399,
    "avg_latency_ms": 10057.990457511263,
    "p50_latency_ms": 7150.461244973798,
    "p95_latency_ms": 37271.760952112934,
    "p99_latency_ms": 57016.760856625886,
    "beta_stability": 0.05782622457342085,
    "merged_stability": 0.03539457098532006,
    "load_balance_metric": 1.0,
    "avg_prefetch_hit_rate": 0.0,
    "regression_r2": 0.8331782111953092,
    "cold_start_phase": "stable",
    "defrag_merges_total": 0
  },
  "Sigmoid Only": {
    "duration_sec": 119.98,
    "total_arrivals": 1178,
    "total_completed": 698,
    "total_ooms": 0,
    "throughput_per_sec": 5.817636272712119,
    "oom_rate": 0.0,
    "avg_utilization": 0.6807582600427857,
    "avg_n_batch": 4.2745424292845255,
    "avg_latency_ms": 10680.367674515664,
    "p50_latency_ms": 8620.709978991626,
    "p95_latency_ms": 39917.895090967446,
    "p99_latency_ms": 55649.73479050336,
    "beta_stability": 0.05119181819202844,
    "merged_stability": 0.043535127308458155,
    "load_balance_metric": 1.0,
    "avg_prefetch_hit_rate": 0.0,
    "regression_r2": 0.8361990176631613,
    "cold_start_phase": "stable",
    "defrag_merges_total": 0
  },
  "MinBottleneck": {
    "duration_sec": 119.98,
    "total_arrivals": 1178,
    "total_completed": 662,
    "total_ooms": 0,
    "throughput_per_sec": 5.517586264377396,
    "oom_rate": 0.0,
    "avg_utilization": 0.6832105221456303,
    "avg_n_batch": 4.347753743760399,
    "avg_latency_ms": 10057.990457511263,
    "p50_latency_ms": 7150.461244973798,
    "p95_latency_ms": 37271.760952112934,
    "p99_latency_ms": 57016.760856625886,
    "beta_stability": 0.05782622457342085,
    "merged_stability": 0.03539457098532006,
    "load_balance_metric": 1.0,
    "avg_prefetch_hit_rate": 0.0,
    "regression_r2": 0.8331782111953092,
    "cold_start_phase": "stable",
    "defrag_merges_total": 0
  },
  "AIMD+Hysteresis": {
    "duration_sec": 119.98,
    "total_arrivals": 1178,
    "total_completed": 662,
    "total_ooms": 0,
    "throughput_per_sec": 5.517586264377396,
    "oom_rate": 0.0,
    "avg_utilization": 0.6832105221456303,
    "avg_n_batch": 4.347753743760399,
    "avg_latency_ms": 10057.990457511263,
    "p50_latency_ms": 7150.461244973798,
    "p95_latency_ms": 37271.760952112934,
    "p99_latency_ms": 57016.760856625886,
    "beta_stability": 0.05782622457342085,
    "merged_stability": 0.03539457098532006,
    "load_balance_metric": 1.0,
    "avg_prefetch_hit_rate": 0.0,
    "regression_r2": 0.8331782111953092,
    "cold_start_phase": "stable",
    "defrag_merges_total": 0
  },
  "Sig+AimdH": {
    "duration_sec": 119.98,
    "total_arrivals": 1178,
    "total_completed": 698,
    "total_ooms": 0,
    "throughput_per_sec": 5.817636272712119,
    "oom_rate": 0.0,
    "avg_utilization": 0.6807582600427857,
    "avg_n_batch": 4.2745424292845255,
    "avg_latency_ms": 10680.367674515664,
    "p50_latency_ms": 8620.709978991626,
    "p95_latency_ms": 39917.895090967446,
    "p99_latency_ms": 55649.73479050336,
    "beta_stability": 0.05119181819202844,
    "merged_stability": 0.043535127308458155,
    "load_balance_metric": 1.0,
    "avg_prefetch_hit_rate": 0.0,
    "regression_r2": 0.8361990176631613,
    "cold_start_phase": "stable",
    "defrag_merges_total": 0
  },
  "Lin+WGM+AimdH": {
    "duration_sec": 119.98,
    "total_arrivals": 1178,
    "total_completed": 709,
    "total_ooms": 0,
    "throughput_per_sec": 5.909318219703284,
    "oom_rate": 0.0,
    "avg_utilization": 0.7618968386023295,
    "avg_n_batch": 3.7703826955074877,
    "avg_latency_ms": 14593.277795853217,
    "p50_latency_ms": 15097.291379850929,
    "p95_latency_ms": 38071.855433808734,
    "p99_latency_ms": 76384.45365665438,
    "beta_stability": 0.08483859630211553,
    "merged_stability": 0.04741528093541743,
    "load_balance_metric": 1.0,
    "avg_prefetch_hit_rate": 0.0,
    "regression_r2": 0.8404428377177986,
    "cold_start_phase": "stable",
    "defrag_merges_total": 0
  },
  "FullOpt": {
    "duration_sec": 119.98,
    "total_arrivals": 1178,
    "total_completed": 710,
    "total_ooms": 0,
    "throughput_per_sec": 5.917652942157026,
    "oom_rate": 0.0,
    "avg_utilization": 0.7027493859440614,
    "avg_n_batch": 4.211314475873544,
    "avg_latency_ms": 14346.31213558245,
    "p50_latency_ms": 8878.55695774525,
    "p95_latency_ms": 54529.108693791735,
    "p99_latency_ms": 83657.59741789103,
    "beta_stability": 0.05119181819202844,
    "merged_stability": 0.04307887159235745,
    "load_balance_metric": 1.0,
    "avg_prefetch_hit_rate": 0.0,
    "regression_r2": 0.8406221891977254,
    "cold_start_phase": "stable",
    "defrag_merges_total": 0
  },
  "FullAdaptive": {
    "duration_sec": 119.98,
    "total_arrivals": 1178,
    "total_completed": 767,
    "total_ooms": 0,
    "throughput_per_sec": 6.392732122020337,
    "oom_rate": 0.0,
    "avg_utilization": 0.7075469455669123,
    "avg_n_batch": 4.144758735440932,
    "avg_latency_ms": 12683.35587020196,
    "p50_latency_ms": 8807.675388156384,
    "p95_latency_ms": 48300.978365101764,
    "p99_latency_ms": 71253.65899406909,
    "beta_stability": 0.0534077931062914,
    "merged_stability": 0.04331608502225861,
    "load_balance_metric": 1.0,
    "avg_prefetch_hit_rate": 0.0,
    "regression_r2": 0.8443141161878331,
    "cold_start_phase": "stable",
    "defrag_merges_total": 0
  },
  "FullOpt_v0.3": {
    "duration_sec": 119.98,
    "total_arrivals": 1178,
    "total_completed": 710,
    "total_ooms": 0,
    "throughput_per_sec": 5.917652942157026,
    "oom_rate": 0.0,
    "avg_utilization": 0.7027493859440614,
    "avg_n_batch": 4.211314475873544,
    "avg_latency_ms": 14346.31213558245,
    "p50_latency_ms": 8878.55695774525,
    "p95_latency_ms": 54529.108693791735,
    "p99_latency_ms": 83657.59741789103,
    "beta_stability": 0.05119181819202844,
    "merged_stability": 0.04307887159235745,
    "load_balance_metric": 1.0,
    "avg_prefetch_hit_rate": 0.0,
    "regression_r2": 0.8406221891977254,
    "cold_start_phase": "stable",
    "defrag_merges_total": 0
  }
}