{
  "Baseline (Disc+Mul+Hard+1.5x)": {
    "duration_sec": 119.98,
    "total_arrivals": 2395,
    "total_completed": 2210,
    "total_ooms": 0,
    "throughput_per_sec": 18.41973662277046,
    "oom_rate": 0.0,
    "avg_utilization": 0.15463664965965057,
    "avg_n_batch": 13.610648918469218,
    "avg_latency_ms": 2817.854791957318,
    "p50_latency_ms": 265.0890263337118,
    "p95_latency_ms": 15265.427190502944,
    "p99_latency_ms": 22494.93257559767,
    "beta_stability": 0.117024305164366,
    "merged_stability": 0.04565092723330053,
    "load_balance_metric": 1.0,
    "avg_prefetch_hit_rate": 0.0,
    "regression_r2": 0.9522021653755253,
    "cold_start_phase": "stable",
    "defrag_merges_total": 0
  },
  "Sigmoid Only": {
    "duration_sec": 119.98,
    "total_arrivals": 2395,
    "total_completed": 2212,
    "total_ooms": 0,
    "throughput_per_sec": 18.436406067677947,
    "oom_rate": 0.0,
    "avg_utilization": 0.15514699956547282,
    "avg_n_batch": 13.43926788685524,
    "avg_latency_ms": 2837.6792085776224,
    "p50_latency_ms": 269.30615544975115,
    "p95_latency_ms": 15250.370431504365,
    "p99_latency_ms": 23261.67612811475,
    "beta_stability": 0.07952375100470306,
    "merged_stability": 0.04377982449785802,
    "load_balance_metric": 1.0,
    "avg_prefetch_hit_rate": 0.0,
    "regression_r2": 0.9517034036915185,
    "cold_start_phase": "stable",
    "defrag_merges_total": 0
  },
  "MinBottleneck": {
    "duration_sec": 119.98,
    "total_arrivals": 2395,
    "total_completed": 2210,
    "total_ooms": 0,
    "throughput_per_sec": 18.41973662277046,
    "oom_rate": 0.0,
    "avg_utilization": 0.15463664965965057,
    "avg_n_batch": 13.610648918469218,
    "avg_latency_ms": 2817.854791957318,
    "p50_latency_ms": 265.0890263337118,
    "p95_latency_ms": 15265.427190502944,
    "p99_latency_ms": 22494.93257559767,
    "beta_stability": 0.117024305164366,
    "merged_stability": 0.04565092723330053,
    "load_balance_metric": 1.0,
    "avg_prefetch_hit_rate": 0.0,
    "regression_r2": 0.9522021653755253,
    "cold_start_phase": "stable",
    "defrag_merges_total": 0
  },
  "AIMD+Hysteresis": {
    "duration_sec": 119.98,
    "total_arrivals": 2395,
    "total_completed": 2210,
    "total_ooms": 0,
    "throughput_per_sec": 18.41973662277046,
    "oom_rate": 0.0,
    "avg_utilization": 0.15463664965965057,
    "avg_n_batch": 13.610648918469218,
    "avg_latency_ms": 2817.854791957318,
    "p50_latency_ms": 265.0890263337118,
    "p95_latency_ms": 15265.427190502944,
    "p99_latency_ms": 22494.93257559767,
    "beta_stability": 0.117024305164366,
    "merged_stability": 0.04565092723330053,
    "load_balance_metric": 1.0,
    "avg_prefetch_hit_rate": 0.0,
    "regression_r2": 0.9522021653755253,
    "cold_start_phase": "stable",
    "defrag_merges_total": 0
  },
  "Sig+AimdH": {
    "duration_sec": 119.98,
    "total_arrivals": 2395,
    "total_completed": 2212,
    "total_ooms": 0,
    "throughput_per_sec": 18.436406067677947,
    "oom_rate": 0.0,
    "avg_utilization": 0.15514699956547282,
    "avg_n_batch": 13.43926788685524,
    "avg_latency_ms": 2837.6792085776224,
    "p50_latency_ms": 269.30615544975115,
    "p95_latency_ms": 15250.370431504365,
    "p99_latency_ms": 23261.67612811475,
    "beta_stability": 0.07952375100470306,
    "merged_stability": 0.04377982449785802,
    "load_balance_metric": 1.0,
    "avg_prefetch_hit_rate": 0.0,
    "regression_r2": 0.9517034036915185,
    "cold_start_phase": "stable",
    "defrag_merges_total": 0
  },
  "Lin+WGM+AimdH": {
    "duration_sec": 119.98,
    "total_arrivals": 2395,
    "total_completed": 2256,
    "total_ooms": 0,
    "throughput_per_sec": 18.803133855642606,
    "oom_rate": 0.0,
    "avg_utilization": 0.20336871106853283,
    "avg_n_batch": 12.133111480865225,
    "avg_latency_ms": 3376.0986467415014,
    "p50_latency_ms": 280.71815512078047,
    "p95_latency_ms": 16346.372000425246,
    "p99_latency_ms": 37763.763749559366,
    "beta_stability": 0.12984458088303122,
    "merged_stability": 0.05664193982554133,
    "load_balance_metric": 1.0,
    "avg_prefetch_hit_rate": 0.0,
    "regression_r2": 0.9589248758274914,
    "cold_start_phase": "stable",
    "defrag_merges_total": 0
  },
  "FullOpt": {
    "duration_sec": 119.98,
    "total_arrivals": 2395,
    "total_completed": 2216,
    "total_ooms": 0,
    "throughput_per_sec": 18.469744957492914,
    "oom_rate": 0.0,
    "avg_utilization": 0.1603721889628752,
    "avg_n_batch": 13.374376039933445,
    "avg_latency_ms": 2881.7442247995355,
    "p50_latency_ms": 275.4617228159235,
    "p95_latency_ms": 15280.68964352194,
    "p99_latency_ms": 23886.43323012508,
    "beta_stability": 0.07952374978093105,
    "merged_stability": 0.04373557599989641,
    "load_balance_metric": 1.0,
    "avg_prefetch_hit_rate": 0.0,
    "regression_r2": 0.9527097387009011,
    "cold_start_phase": "stable",
    "defrag_merges_total": 0
  },
  "FullAdaptive": {
    "duration_sec": 119.98,
    "total_arrivals": 2395,
    "total_completed": 2220,
    "total_ooms": 0,
    "throughput_per_sec": 18.503083847307884,
    "oom_rate": 0.0,
    "avg_utilization": 0.15375250069356217,
    "avg_n_batch": 13.247920133111482,
    "avg_latency_ms": 2899.259034030307,
    "p50_latency_ms": 264.8891560079303,
    "p95_latency_ms": 15303.474408660584,
    "p99_latency_ms": 25779.03945027492,
    "beta_stability": 0.07711160949226753,
    "merged_stability": 0.042677838457006456,
    "load_balance_metric": 1.0,
    "avg_prefetch_hit_rate": 0.0,
    "regression_r2": 0.9524796388306173,
    "cold_start_phase": "stable",
    "defrag_merges_total": 0
  },
  "FullOpt_v0.3": {
    "duration_sec": 119.98,
    "total_arrivals": 2395,
    "total_completed": 2216,
    "total_ooms": 0,
    "throughput_per_sec": 18.469744957492914,
    "oom_rate": 0.0,
    "avg_utilization": 0.1603721889628752,
    "avg_n_batch": 13.374376039933445,
    "avg_latency_ms": 2881.7442247995355,
    "p50_latency_ms": 275.4617228159235,
    "p95_latency_ms": 15280.68964352194,
    "p99_latency_ms": 23886.43323012508,
    "beta_stability": 0.07952374978093105,
    "merged_stability": 0.04373557599989641,
    "load_balance_metric": 1.0,
    "avg_prefetch_hit_rate": 0.0,
    "regression_r2": 0.9527097387009011,
    "cold_start_phase": "stable",
    "defrag_merges_total": 0
  }
}