{
  "Baseline (Disc+Mul+Hard+1.5x)": {
    "duration_sec": 119.98,
    "total_arrivals": 3578,
    "total_completed": 3331,
    "total_ooms": 0,
    "throughput_per_sec": 27.76296049341557,
    "oom_rate": 0.0,
    "avg_utilization": 0.10755089410396192,
    "avg_n_batch": 19.911813643926788,
    "avg_latency_ms": 1749.4849564483623,
    "p50_latency_ms": 316.9767756364905,
    "p95_latency_ms": 7002.722985686425,
    "p99_latency_ms": 8424.036690716328,
    "beta_stability": 0.15899928191007348,
    "merged_stability": 0.038617274376139654,
    "load_balance_metric": 1.0,
    "avg_prefetch_hit_rate": 0.0,
    "regression_r2": 0.9596258803476811,
    "cold_start_phase": "stable",
    "defrag_merges_total": 0
  },
  "Sigmoid Only": {
    "duration_sec": 119.98,
    "total_arrivals": 3578,
    "total_completed": 3326,
    "total_ooms": 0,
    "throughput_per_sec": 27.721286881146856,
    "oom_rate": 0.0,
    "avg_utilization": 0.08805143609037161,
    "avg_n_batch": 19.986688851913478,
    "avg_latency_ms": 1704.1372845306414,
    "p50_latency_ms": 311.776788011322,
    "p95_latency_ms": 6952.89622363637,
    "p99_latency_ms": 8186.438043233398,
    "beta_stability": 0.1436679112894884,
    "merged_stability": 0.03211326176195068,
    "load_balance_metric": 1.0,
    "avg_prefetch_hit_rate": 0.0,
    "regression_r2": 0.956963265978616,
    "cold_start_phase": "stable",
    "defrag_merges_total": 0
  },
  "MinBottleneck": {
    "duration_sec": 119.98,
    "total_arrivals": 3578,
    "total_completed": 3331,
    "total_ooms": 0,
    "throughput_per_sec": 27.76296049341557,
    "oom_rate": 0.0,
    "avg_utilization": 0.10755089410396192,
    "avg_n_batch": 19.911813643926788,
    "avg_latency_ms": 1749.4849564483623,
    "p50_latency_ms": 316.9767756364905,
    "p95_latency_ms": 7002.722985686425,
    "p99_latency_ms": 8424.036690716328,
    "beta_stability": 0.15899928191007348,
    "merged_stability": 0.038617274376139654,
    "load_balance_metric": 1.0,
    "avg_prefetch_hit_rate": 0.0,
    "regression_r2": 0.9596258803476811,
    "cold_start_phase": "stable",
    "defrag_merges_total": 0
  },
  "AIMD+Hysteresis": {
    "duration_sec": 119.98,
    "total_arrivals": 3578,
    "total_completed": 3331,
    "total_ooms": 0,
    "throughput_per_sec": 27.76296049341557,
    "oom_rate": 0.0,
    "avg_utilization": 0.10755089410396192,
    "avg_n_batch": 19.911813643926788,
    "avg_latency_ms": 1749.4849564483623,
    "p50_latency_ms": 316.9767756364905,
    "p95_latency_ms": 7002.722985686425,
    "p99_latency_ms": 8424.036690716328,
    "beta_stability": 0.15899928191007348,
    "merged_stability": 0.038617274376139654,
    "load_balance_metric": 1.0,
    "avg_prefetch_hit_rate": 0.0,
    "regression_r2": 0.9596258803476811,
    "cold_start_phase": "stable",
    "defrag_merges_total": 0
  },
  "Sig+AimdH": {
    "duration_sec": 119.98,
    "total_arrivals": 3578,
    "total_completed": 3326,
    "total_ooms": 0,
    "throughput_per_sec": 27.721286881146856,
    "oom_rate": 0.0,
    "avg_utilization": 0.08805143609037161,
    "avg_n_batch": 19.986688851913478,
    "avg_latency_ms": 1704.1372845306414,
    "p50_latency_ms": 311.776788011322,
    "p95_latency_ms": 6952.89622363637,
    "p99_latency_ms": 8186.438043233398,
    "beta_stability": 0.1436679112894884,
    "merged_stability": 0.03211326176195068,
    "load_balance_metric": 1.0,
    "avg_prefetch_hit_rate": 0.0,
    "regression_r2": 0.956963265978616,
    "cold_start_phase": "stable",
    "defrag_merges_total": 0
  },
  "Lin+WGM+AimdH": {
    "duration_sec": 119.98,
    "total_arrivals": 3578,
    "total_completed": 3418,
    "total_ooms": 0,
    "throughput_per_sec": 28.488081346891146,
    "oom_rate": 0.0,
    "avg_utilization": 0.09965209830877386,
    "avg_n_batch": 18.088186356073212,
    "avg_latency_ms": 2103.5497528262003,
    "p50_latency_ms": 279.2779559001338,
    "p95_latency_ms": 7032.989430939865,
    "p99_latency_ms": 17132.96615263158,
    "beta_stability": 0.17033150818970663,
    "merged_stability": 0.0453279920836451,
    "load_balance_metric": 1.0,
    "avg_prefetch_hit_rate": 0.0,
    "regression_r2": 0.9637828771366286,
    "cold_start_phase": "stable",
    "defrag_merges_total": 0
  },
  "FullOpt": {
    "duration_sec": 119.98,
    "total_arrivals": 3578,
    "total_completed": 3322,
    "total_ooms": 0,
    "throughput_per_sec": 27.68794799133189,
    "oom_rate": 0.0,
    "avg_utilization": 0.08044412811707202,
    "avg_n_batch": 19.916805324459233,
    "avg_latency_ms": 1666.299390540184,
    "p50_latency_ms": 308.80665968872023,
    "p95_latency_ms": 6914.760920117922,
    "p99_latency_ms": 8112.862430176025,
    "beta_stability": 0.14491334649389007,
    "merged_stability": 0.032374610329043374,
    "load_balance_metric": 1.0,
    "avg_prefetch_hit_rate": 0.0,
    "regression_r2": 0.9591368236274257,
    "cold_start_phase": "stable",
    "defrag_merges_total": 0
  },
  "FullAdaptive": {
    "duration_sec": 119.98,
    "total_arrivals": 3578,
    "total_completed": 3330,
    "total_ooms": 0,
    "throughput_per_sec": 27.754625770961827,
    "oom_rate": 0.0,
    "avg_utilization": 0.09938789731281891,
    "avg_n_batch": 19.995008319467555,
    "avg_latency_ms": 1657.8085489602315,
    "p50_latency_ms": 309.58532991870413,
    "p95_latency_ms": 6929.192020457233,
    "p99_latency_ms": 8130.165451847426,
    "beta_stability": 0.15030525401138678,
    "merged_stability": 0.032995808082966614,
    "load_balance_metric": 1.0,
    "avg_prefetch_hit_rate": 0.0,
    "regression_r2": 0.9574443684148198,
    "cold_start_phase": "stable",
    "defrag_merges_total": 0
  },
  "FullOpt_v0.3": {
    "duration_sec": 119.98,
    "total_arrivals": 3578,
    "total_completed": 3322,
    "total_ooms": 0,
    "throughput_per_sec": 27.68794799133189,
    "oom_rate": 0.0,
    "avg_utilization": 0.08044412811707202,
    "avg_n_batch": 19.916805324459233,
    "avg_latency_ms": 1666.299390540184,
    "p50_latency_ms": 308.80665968872023,
    "p95_latency_ms": 6914.760920117922,
    "p99_latency_ms": 8112.862430176025,
    "beta_stability": 0.14491334649389007,
    "merged_stability": 0.032374610329043374,
    "load_balance_metric": 1.0,
    "avg_prefetch_hit_rate": 0.0,
    "regression_r2": 0.9591368236274257,
    "cold_start_phase": "stable",
    "defrag_merges_total": 0
  }
}