{
  "Baseline (Disc+Mul+Hard+1.5x)": {
    "duration_sec": 119.99000000000001,
    "total_arrivals": 3648,
    "total_completed": 3505,
    "total_ooms": 236,
    "throughput_per_sec": 29.21076756396366,
    "oom_rate": 0.0673323823109843,
    "avg_utilization": 0.6519289988239412,
    "avg_n_batch": 24.451290591174022,
    "avg_latency_ms": 1704.9438217904142,
    "p50_latency_ms": 337.6601686816514,
    "p95_latency_ms": 7043.058091720246,
    "p99_latency_ms": 8065.65627029128,
    "beta_stability": 0.008642220095923163,
    "merged_stability": 0.10667873729381998
  },
  "Sigmoid Only": {
    "duration_sec": 119.99000000000001,
    "total_arrivals": 3648,
    "total_completed": 2965,
    "total_ooms": 122,
    "throughput_per_sec": 24.710392532711058,
    "oom_rate": 0.04114671163575042,
    "avg_utilization": 0.5421336995206275,
    "avg_n_batch": 31.18984179850125,
    "avg_latency_ms": 1636.4090780799697,
    "p50_latency_ms": 188.38540843847795,
    "p95_latency_ms": 7043.058091720246,
    "p99_latency_ms": 7899.310764891797,
    "beta_stability": 0.004297733106400827,
    "merged_stability": 0.12535987959546424
  },
  "MinBottleneck": {
    "duration_sec": 119.99000000000001,
    "total_arrivals": 3648,
    "total_completed": 2917,
    "total_ooms": 76,
    "throughput_per_sec": 24.310359196599716,
    "oom_rate": 0.026054165238258483,
    "avg_utilization": 0.9685934797924807,
    "avg_n_batch": 26.40632805995004,
    "avg_latency_ms": 4743.898004836319,
    "p50_latency_ms": 3959.6826022301384,
    "p95_latency_ms": 10323.51701106492,
    "p99_latency_ms": 11564.675181787425,
    "beta_stability": 0.09332118621119949,
    "merged_stability": 0.052721959163982285
  },
  "AIMD+Hysteresis": {
    "duration_sec": 119.99000000000001,
    "total_arrivals": 3648,
    "total_completed": 2987,
    "total_ooms": 106,
    "throughput_per_sec": 24.893741145095422,
    "oom_rate": 0.03548711081352528,
    "avg_utilization": 0.7293184244287492,
    "avg_n_batch": 30.71856786011657,
    "avg_latency_ms": 1770.0585533861283,
    "p50_latency_ms": 403.8342048809298,
    "p95_latency_ms": 7203.6308710505355,
    "p99_latency_ms": 8241.667580045272,
    "beta_stability": 0.006116075543727875,
    "merged_stability": 0.08646991745596856
  },
  "Sig+AimdH": {
    "duration_sec": 119.99000000000001,
    "total_arrivals": 3648,
    "total_completed": 2965,
    "total_ooms": 122,
    "throughput_per_sec": 24.710392532711058,
    "oom_rate": 0.04114671163575042,
    "avg_utilization": 0.5421336995206275,
    "avg_n_batch": 31.18984179850125,
    "avg_latency_ms": 1636.4090780799697,
    "p50_latency_ms": 188.38540843847795,
    "p95_latency_ms": 7043.058091720246,
    "p99_latency_ms": 7899.310764891797,
    "beta_stability": 0.004297733106400827,
    "merged_stability": 0.12535987959546424
  },
  "Lin+WGM+AimdH": {
    "duration_sec": 119.99000000000001,
    "total_arrivals": 3648,
    "total_completed": 3002,
    "total_ooms": 49,
    "throughput_per_sec": 25.018751562630218,
    "oom_rate": 0.01632245169886742,
    "avg_utilization": 0.4933098897454721,
    "avg_n_batch": 40.926727726894256,
    "avg_latency_ms": 1535.3301725103706,
    "p50_latency_ms": 170.17742891127875,
    "p95_latency_ms": 7005.33493669593,
    "p99_latency_ms": 7805.458258842785,
    "beta_stability": 0.0027827322977185694,
    "merged_stability": 0.020743271345016627
  },
  "FullOpt": {
    "duration_sec": 119.99000000000001,
    "total_arrivals": 3648,
    "total_completed": 2994,
    "total_ooms": 54,
    "throughput_per_sec": 24.952079339944994,
    "oom_rate": 0.018036072144288578,
    "avg_utilization": 0.4516871417535487,
    "avg_n_batch": 42.751040799333886,
    "avg_latency_ms": 1606.8910544938103,
    "p50_latency_ms": 175.50104678589307,
    "p95_latency_ms": 7025.72650824081,
    "p99_latency_ms": 7870.815280539066,
    "beta_stability": 0.00809181857343853,
    "merged_stability": 0.03276730689410018
  },
  "FullAdaptive": {
    "duration_sec": 119.99000000000001,
    "total_arrivals": 3648,
    "total_completed": 2989,
    "total_ooms": 3,
    "throughput_per_sec": 24.91040920076673,
    "oom_rate": 0.0010036801605888257,
    "avg_utilization": 0.7814424618864081,
    "avg_n_batch": 43.24729392173189,
    "avg_latency_ms": 1953.228850072003,
    "p50_latency_ms": 772.3130559864373,
    "p95_latency_ms": 7296.444806453419,
    "p99_latency_ms": 8628.928800142587,
    "beta_stability": 0.005747629216028327,
    "merged_stability": 0.03400809918642641
  }
}